J, https://media.signbsl.com/videos/asl/aslsignbank/mp4/LETTER-J-1668.mp4
jab, https://media.signbsl.com/videos/asl/aslsearch/mp4/jab.mp4
jabber, https://media.signbsl.com/videos/asl/aslsearch/mp4/jabber.mp4
jabbering, https://media.signbsl.com/videos/asl/youtube/mp4/N4_WfbaTT0k.mp4
jack, https://media.signbsl.com/videos/asl/youtube/mp4/1et83qdKyOw.mp4
jack-in-the-box, https://media.signbsl.com/videos/asl/aslsearch/mp4/jack-in-the-box.mp4
jack-o-lantern, https://media.signbsl.com/videos/asl/aslsearch/mp4/jack-o-lantern.mp4
jackanapes, https://media.signbsl.com/videos/asl/youtube/mp4/CQf6dZAJM3E.mp4
jackass, https://media.signbsl.com/videos/asl/youtube/mp4/0hiZOlDJB4U.mp4
jacket, https://media.signbsl.com/videos/asl/startasl/mp4/jacket.mp4
jackhammer, https://media.signbsl.com/videos/asl/youtube/mp4/s3S7PewpynU.mp4
jack in the box, https://media.signbsl.com/videos/asl/aslsearch/mp4/jack-in-the-box.mp4
jack of all trades, https://media.signbsl.com/videos/asl/youtube/mp4/wTeLDiBGaSs.mp4
jack off, https://media.signbsl.com/videos/asl/youtube/mp4/E3kNX5NOBw4.mp4
jack o lantern, https://media.signbsl.com/videos/asl/aslsearch/mp4/jack-o-lantern.mp4
jackolantern, https://media.signbsl.com/videos/asl/aslsearch/mp4/jack-o-lantern.mp4
jack o latern, https://media.signbsl.com/videos/asl/mariekatzenbachschool/mp4/Jack-o-latern.mp4
jackpot, https://media.signbsl.com/videos/asl/youtube/mp4/18H0J0M1tfE.mp4
jack stand, https://media.signbsl.com/videos/asl/AustinCommunityCollege/mp4/auto_jack_stand_.mp4
Jack tar, https://media.signbsl.com/videos/asl/youtube/mp4/1et83qdKyOw.mp4
jack up, https://media.signbsl.com/videos/asl/youtube/mp4/m2iD3pYLxUc.mp4
jade, https://media.signbsl.com/videos/asl/youtube/mp4/ie2iSOIwHUI.mp4
jadestone, https://media.signbsl.com/videos/asl/youtube/mp4/Fs19KyOnFqk.mp4
jag, https://media.signbsl.com/videos/asl/youtube/mp4/3HAkWmR9UeE.mp4
jagged, https://media.signbsl.com/videos/asl/aslsearch/mp4/jagged.mp4
jaggy, https://media.signbsl.com/videos/asl/aslsearch/mp4/jagged.mp4
Jahvey, https://media.signbsl.com/videos/asl/ids/mp4/2013-11-2520-jehovah-1500k-ase.mp4
Jahweh, https://media.signbsl.com/videos/asl/ids/mp4/2013-11-2520-jehovah-1500k-ase.mp4
jail, https://media.signbsl.com/videos/asl/aslsearch/mp4/jail.mp4
jailbreak, https://player.vimeo.com/external/391213520.sd.mp4?s=ea97520e073af66560fb6d55ec62b99d5cc1c26a&profile_id=164
jail cell, https://media.signbsl.com/videos/asl/youtube/mp4/pl7GtlijLlU.mp4
jailer, https://media.signbsl.com/videos/asl/youtube/mp4/yQw6SuQOLdU.mp4
jailor, https://media.signbsl.com/videos/asl/youtube/mp4/yQw6SuQOLdU.mp4
jail prison, https://media.signbsl.com/videos/asl/startasl/mp4/jail-prison.mp4
jalapeno, https://media.signbsl.com/videos/asl/aslsearch/mp4/jalapeno.mp4
jalapeno pepper, https://media.signbsl.com/videos/asl/aslsearch/mp4/jalapeno.mp4
jam, https://media.signbsl.com/videos/asl/startasl/mp4/jam.mp4
Jamaica, https://media.signbsl.com/videos/asl/aslsignbank/mp4/JAMAICA-3383.mp4
Jamaican capital, https://media.signbsl.com/videos/asl/youtube/mp4/fXemWUX0XmE.mp4
jambon, https://player.vimeo.com/external/392680390.sd.mp4?s=bd5fc209cf0a4b113f6b90b207046e4132effa07&profile_id=164
jamboree, https://media.signbsl.com/videos/asl/youtube/mp4/agnnlvA57B8.mp4
jammies, https://media.signbsl.com/videos/asl/aslsearch/mp4/pajamas.mp4
Jan, https://player.vimeo.com/external/392866387.sd.mp4?s=8f35c3af37ab0349fcfec9cdfe08c701ef72dce7&profile_id=164
jangle, https://media.signbsl.com/videos/asl/aslsearch/mp4/jingle.mp4
janitor, https://media.signbsl.com/videos/asl/startasl/mp4/janitor.mp4
januaries, https://player.vimeo.com/external/392866387.sd.mp4?s=8f35c3af37ab0349fcfec9cdfe08c701ef72dce7&profile_id=164
January, https://player.vimeo.com/external/392866387.sd.mp4?s=8f35c3af37ab0349fcfec9cdfe08c701ef72dce7&profile_id=164
January 1, https://media.signbsl.com/videos/asl/startasl/mp4/new-years.mp4
Janus faced, https://player.vimeo.com/external/392539026.sd.mp4?s=cd8fe4e5cefac7e3ba61198d0556ba8fd965b2ad&profile_id=164
Japan, https://media.signbsl.com/videos/asl/startasl/mp4/japan.mp4
Japanese, https://media.signbsl.com/videos/asl/youtube/mp4/XorPNRTtlN8.mp4
Japanese Archipelago, https://media.signbsl.com/videos/asl/startasl/mp4/japan.mp4
Japanese capital, https://media.signbsl.com/videos/asl/youtube/mp4/V9_lAs-SpRc.mp4
Japanese Islands, https://media.signbsl.com/videos/asl/startasl/mp4/japan.mp4
jape, https://media.signbsl.com/videos/asl/aslsignbank/mp4/TEASE-1180.mp4
jar, https://media.signbsl.com/videos/asl/aslsearch/mp4/jar.mp4
jarful, https://media.signbsl.com/videos/asl/youtube/mp4/CtM5nQCqdfY.mp4
jargon, https://media.signbsl.com/videos/asl/youtube/mp4/eI8UPXKxO7o.mp4
jarring, https://media.signbsl.com/videos/asl/youtube/mp4/wBD_u3nR9Cc.mp4
jaundice, https://media.signbsl.com/videos/asl/youtube/mp4/-GPNd06bAmQ.mp4
jaunt, https://media.signbsl.com/videos/asl/aslsearch/mp4/excursion.mp4
jauntily, https://media.signbsl.com/videos/asl/youtube/mp4/vH8DPFPVve4.mp4
jaunty, https://media.signbsl.com/videos/asl/youtube/mp4/U7x9aQI941s.mp4
java, https://media.signbsl.com/videos/asl/startasl/mp4/coffee.mp4
javelin, https://media.signbsl.com/videos/asl/youtube/mp4/cCMvFzVyyBU.mp4
jaw, https://media.signbsl.com/videos/asl/startasl/mp4/yell.mp4
jaw dropped, https://media.signbsl.com/videos/asl/youtube/mp4/iLQa6rwpZxo.mp4
jaw dropping, https://media.signbsl.com/videos/asl/aslsearch/mp4/jaw-dropping.mp4
jaywalk, https://media.signbsl.com/videos/asl/youtube/mp4/TxRH0408_pA.mp4
jaywalker, https://media.signbsl.com/videos/asl/youtube/mp4/Sy6-o8sRiHg.mp4
jazz around, https://media.signbsl.com/videos/asl/youtube/mp4/dbdzEwxIiuw.mp4
jazzy, https://media.signbsl.com/videos/asl/youtube/mp4/cJcGG03Iqso.mp4
jealous, https://media.signbsl.com/videos/asl/startasl/mp4/jealous.mp4
jean, https://media.signbsl.com/videos/asl/aslsignbank/mp4/JEANS-2902.mp4
Jean Jacques Rousseau, https://media.signbsl.com/videos/asl/philosophy/mp4/Rousseau-HD.mp4
Jean Paul Sartre, https://media.signbsl.com/videos/asl/philosophy/mp4/Sartre-HD.mp4
jeans, https://media.signbsl.com/videos/asl/aslsignbank/mp4/JEANS-2902.mp4
jeep, https://media.signbsl.com/videos/asl/aslsearch/mp4/jeep.mp4
jeer, https://media.signbsl.com/videos/asl/aslsearch/mp4/jeer.mp4
jeez, https://media.signbsl.com/videos/asl/youtube/mp4/KPL6Bx1n7s8.mp4
Jefferson, https://media.signbsl.com/videos/asl/elementalaslconcepts/mp4/thomas_jefferson.mp4
jehad, https://media.signbsl.com/videos/asl/youtube/mp4/lhHjHfV6t-E.mp4
jehadist, https://media.signbsl.com/videos/asl/youtube/mp4/RMC0M8tJZNU.mp4
Jehovah, https://media.signbsl.com/videos/asl/aslsignbank/mp4/LORD-2412.mp4
Jehovahs Witness, https://media.signbsl.com/videos/asl/youtube/mp4/xzJEGcfFZgA.mp4
Jehovahs Witnesses, https://media.signbsl.com/videos/asl/valleybible/mp4/Jehovah%20Witnesses.mp4
jehovah witness, https://media.signbsl.com/videos/asl/valleybible/mp4/Jehovah%20Witnesses.mp4
jehovah witnesses, https://media.signbsl.com/videos/asl/valleybible/mp4/Jehovah%20Witnesses.mp4
jell, https://media.signbsl.com/videos/asl/youtube/mp4/ACiD3MpHWr8.mp4
jellies, https://media.signbsl.com/videos/asl/aslsignbank/mp4/JELLY-1709.mp4
jelly, https://media.signbsl.com/videos/asl/aslsignbank/mp4/JELLY-1709.mp4
jelly bean, https://media.signbsl.com/videos/asl/youtube/mp4/wFfkAx1c5CA.mp4
jelly egg, https://media.signbsl.com/videos/asl/youtube/mp4/wFfkAx1c5CA.mp4
jellyfish, https://media.signbsl.com/videos/asl/youtube/mp4/KaQuXRVxHQk.mp4
jellylike, https://media.signbsl.com/videos/asl/youtube/mp4/1EIqIpZIHw4.mp4
jemmied, https://media.signbsl.com/videos/asl/youtube/mp4/29o6VmyJ2Ag.mp4
jennet, https://media.signbsl.com/videos/asl/youtube/mp4/azbdGiCAVJ0.mp4
jenny, https://media.signbsl.com/videos/asl/youtube/mp4/azbdGiCAVJ0.mp4
jenny ass, https://media.signbsl.com/videos/asl/youtube/mp4/azbdGiCAVJ0.mp4
jeopardise, https://media.signbsl.com/videos/asl/aslsearch/mp4/endanger.mp4
jeopardize, https://media.signbsl.com/videos/asl/aslsearch/mp4/endanger.mp4
jeopardy, https://media.signbsl.com/videos/asl/aslsearch/mp4/risk.mp4
Jeremiah, https://media.signbsl.com/videos/asl/valleybible/mp4/Jeremiah.mp4
jeremy, https://media.signbsl.com/videos/asl/youtube/mp4/cvNLllRE8-Y.mp4
jerk, https://media.signbsl.com/videos/asl/youtube/mp4/3n7TC5RcKx4.mp4
jerking, https://media.signbsl.com/videos/asl/aslsearch/mp4/jolt.mp4
jerk off, https://media.signbsl.com/videos/asl/youtube/mp4/E3kNX5NOBw4.mp4
jerk up, https://media.signbsl.com/videos/asl/youtube/mp4/02AYj_tmyg8.mp4
Jerusalem, https://media.signbsl.com/videos/asl/signlanguagestudent/mp4/Jerusalem.mp4
jest, https://media.signbsl.com/videos/asl/aslsignbank/mp4/TEASE-1180.mp4
jest at, https://media.signbsl.com/videos/asl/aslsearch/mp4/laugh-at.mp4
jester, https://media.signbsl.com/videos/asl/youtube/mp4/EtnL_z0cTFM.mp4
Jesus, https://media.signbsl.com/videos/asl/startasl/mp4/jesus.mp4
Jesus Christ, https://media.signbsl.com/videos/asl/startasl/mp4/jesus.mp4
Jesus of Nazareth, https://media.signbsl.com/videos/asl/startasl/mp4/jesus.mp4
jet, https://media.signbsl.com/videos/asl/aslsearch/mp4/jet.mp4
jet black, https://player.vimeo.com/external/392868354.sd.mp4?s=f956734e2da68ce31bd415b0770e83184864aecf&profile_id=164
jet lag, https://player.vimeo.com/external/392685222.sd.mp4?s=bf367dc83b96921ff8cfcc5cdb7f29e73ee901ba&profile_id=164
jetpack, https://media.signbsl.com/videos/asl/youtube/mp4/hyWdURp0cDY.mp4
jet plane, https://media.signbsl.com/videos/asl/aslsearch/mp4/jet.mp4
jet propelled plane, https://media.signbsl.com/videos/asl/aslsearch/mp4/jet.mp4
jetsam, https://media.signbsl.com/videos/asl/youtube/mp4/2uPrMiwV3Rs.mp4
jet stream, https://media.signbsl.com/videos/asl/youtube/mp4/od1xuxfM5i4.mp4
jetties, https://media.signbsl.com/videos/asl/youtube/mp4/Y4zqoEEE7zI.mp4
jetty, https://media.signbsl.com/videos/asl/youtube/mp4/Y4zqoEEE7zI.mp4
Jew, https://media.signbsl.com/videos/asl/aslsignbank/mp4/JEWISH-1706.mp4
jewel, https://media.signbsl.com/videos/asl/youtube/mp4/RNFG61vhw6I.mp4
jeweled, https://media.signbsl.com/videos/asl/youtube/mp4/Y91trde2-Sw.mp4
jeweler, https://media.signbsl.com/videos/asl/youtube/mp4/3217nCbi6tc.mp4
jewelled, https://media.signbsl.com/videos/asl/youtube/mp4/Y91trde2-Sw.mp4
jeweller, https://media.signbsl.com/videos/asl/youtube/mp4/3217nCbi6tc.mp4
jewelleries, https://media.signbsl.com/videos/asl/aslsignbank/mp4/JEWELRY-1707.mp4
jewellery, https://media.signbsl.com/videos/asl/aslsignbank/mp4/JEWELRY-1707.mp4
jewelry, https://media.signbsl.com/videos/asl/aslsignbank/mp4/JEWELRY-1707.mp4
jewelry box, https://media.signbsl.com/videos/asl/aslsearch/mp4/jewelry-box.mp4
jewelry maker, https://media.signbsl.com/videos/asl/youtube/mp4/3217nCbi6tc.mp4
Jewish, https://media.signbsl.com/videos/asl/valleybible/mp4/Jewish.mp4
Jewish New Year, https://player.vimeo.com/external/392746687.sd.mp4?s=ee74cfac080ed2051fda03d930299747987f4aea&profile_id=164
jewish prayer, https://media.signbsl.com/videos/asl/youtube/mp4/zZ_zIbrJTqU.mp4
Jews, https://media.signbsl.com/videos/asl/aslsignbank/mp4/JEWISH-1706.mp4
JHVH, https://media.signbsl.com/videos/asl/ids/mp4/2013-11-2520-jehovah-1500k-ase.mp4
jibe, https://media.signbsl.com/videos/asl/aslsearch/mp4/fit.mp4
jig, https://media.signbsl.com/videos/asl/youtube/mp4/22JeBQJ97zQ.mp4
jigaboo, https://media.signbsl.com/videos/asl/youtube/mp4/ZtqUIjK6dWI.mp4
jiggle, https://player.vimeo.com/external/392866604.sd.mp4?s=b37dcd1e2b038afcddd7a388dc2ba1fdb72d5794&profile_id=164
jigsaw, https://player.vimeo.com/external/392866643.sd.mp4?s=206eeb98f3fdd878b630d2a1503c29e1eb1ba618&profile_id=164
jihad, https://media.signbsl.com/videos/asl/youtube/mp4/lhHjHfV6t-E.mp4
jilt, https://player.vimeo.com/external/392866667.sd.mp4?s=8c4e375e75c0fb5be6d596c895e50f681e301ca2&profile_id=164
jimmies, https://media.signbsl.com/videos/asl/youtube/mp4/Omtwm7htsYw.mp4
jimmy, https://media.signbsl.com/videos/asl/youtube/mp4/R7NAvkWCeyI.mp4
jingle, https://media.signbsl.com/videos/asl/aslsearch/mp4/jingle.mp4
jingle jangle, https://media.signbsl.com/videos/asl/aslsearch/mp4/jingle.mp4
jinnee, https://media.signbsl.com/videos/asl/youtube/mp4/VSYF9A6sho8.mp4
jinni, https://media.signbsl.com/videos/asl/youtube/mp4/VSYF9A6sho8.mp4
jinx, https://media.signbsl.com/videos/asl/youtube/mp4/QWXdiSqPXlA.mp4
jitney, https://media.signbsl.com/videos/asl/startasl/mp4/bus.mp4
jitters, https://media.signbsl.com/videos/asl/youtube/mp4/bxU8fzn6M2k.mp4
jittery, https://media.signbsl.com/videos/asl/youtube/mp4/tAz2v9Oqpg4.mp4
jive, https://media.signbsl.com/videos/asl/youtube/mp4/Iu_IL_IcwEU.mp4
jj, https://media.signbsl.com/videos/asl/aslsearch/mp4/jj.mp4
Jnr, https://media.signbsl.com/videos/asl/aslsearch/mp4/junior.mp4
job, https://media.signbsl.com/videos/asl/startasl/mp4/job.mp4
jobber, https://media.signbsl.com/videos/asl/youtube/mp4/qaURIonfPKw.mp4
jobless, https://media.signbsl.com/videos/asl/youtube/mp4/NoCR4kgRC6Q.mp4
job opening, https://media.signbsl.com/videos/asl/youtube/mp4/xYLTf2r8aPU.mp4
jobshare, https://media.signbsl.com/videos/asl/youtube/mp4/8ECG_eDOauE.mp4
jobsworth, https://media.signbsl.com/videos/asl/youtube/mp4/Z5KysMC1BSA.mp4
jock, https://media.signbsl.com/videos/asl/aslsignbank/mp4/ATHLETE-2079.mp4
jockey, https://media.signbsl.com/videos/asl/youtube/mp4/Wlcgdo6Wpsg.mp4
Jockey shorts, https://media.signbsl.com/videos/asl/aslsearch/mp4/briefs.mp4
joe biden, https://media.signbsl.com/videos/asl/youtube/mp4/Y29BWZ-4liM.mp4
Joe Bloggs, https://media.signbsl.com/videos/asl/youtube/mp4/JHiXP5au0CU.mp4
Joe Blow, https://media.signbsl.com/videos/asl/youtube/mp4/JHiXP5au0CU.mp4
joey, https://media.signbsl.com/videos/asl/youtube/mp4/chZrNC_flXQ.mp4
jog, https://media.signbsl.com/videos/asl/aslsignbank/mp4/RUN-ARMS-244.mp4
jogger, https://media.signbsl.com/videos/asl/youtube/mp4/ohejaGfSiDk.mp4
joggle, https://player.vimeo.com/external/392866604.sd.mp4?s=b37dcd1e2b038afcddd7a388dc2ba1fdb72d5794&profile_id=164
John Barleycorn, https://media.signbsl.com/videos/asl/aslsearch/mp4/liquor.mp4
John Bull, https://media.signbsl.com/videos/asl/youtube/mp4/O760z_Yri-I.mp4
John Chapman, https://media.signbsl.com/videos/asl/youtube/mp4/X1p6A184RDQ.mp4
John Doe, https://media.signbsl.com/videos/asl/youtube/mp4/JHiXP5au0CU.mp4
John Henry, https://media.signbsl.com/videos/asl/youtube/mp4/nketBVFzQA0.mp4
John Mill, https://media.signbsl.com/videos/asl/philosophy/mp4/John%20Stuart%20Mill-HD.mp4
Johnny Appleseed, https://media.signbsl.com/videos/asl/youtube/mp4/X1p6A184RDQ.mp4
John Stuart Mill, https://media.signbsl.com/videos/asl/philosophy/mp4/John%20Stuart%20Mill-HD.mp4
john the apostle, https://media.signbsl.com/videos/asl/valleybible/mp4/John%20the%20Apostle.mp4
John the Baptist, https://media.signbsl.com/videos/asl/ids/mp4/2013-11-2560-john-the-baptist-1500k-ase.mp4
join, https://media.signbsl.com/videos/asl/aslsignbank/mp4/JOIN-1705.mp4
joiner, https://media.signbsl.com/videos/asl/youtube/mp4/HXcuRo_UZbA.mp4
joineries, https://media.signbsl.com/videos/asl/youtube/mp4/fMwaGcsVTPc.mp4
joinery, https://media.signbsl.com/videos/asl/youtube/mp4/fMwaGcsVTPc.mp4
join forces, https://media.signbsl.com/videos/asl/aslsearch/mp4/cooperate.mp4
joining, https://media.signbsl.com/videos/asl/aslsearch/mp4/conceive.mp4
join me, https://media.signbsl.com/videos/asl/aslsearch/mp4/join-me.mp4
joint, https://media.signbsl.com/videos/asl/aslsearch/mp4/joint.mp4
joint author, https://media.signbsl.com/videos/asl/youtube/mp4/t7IuoH63poo.mp4
jointly, https://media.signbsl.com/videos/asl/aslsearch/mp4/together.mp4
joke, https://media.signbsl.com/videos/asl/aslsignbank/mp4/TEASE-1180.mp4
joker, https://media.signbsl.com/videos/asl/youtube/mp4/c6sISDbCLhc.mp4
jokester, https://media.signbsl.com/videos/asl/youtube/mp4/c6sISDbCLhc.mp4
jollify, https://media.signbsl.com/videos/asl/youtube/mp4/2ojD6eJjpAk.mp4
jolly, https://media.signbsl.com/videos/asl/aslsearch/mp4/jolly.mp4
jolly along, https://media.signbsl.com/videos/asl/youtube/mp4/dn19MMdfzG8.mp4
jolly up, https://media.signbsl.com/videos/asl/youtube/mp4/dn19MMdfzG8.mp4
jolt, https://media.signbsl.com/videos/asl/aslsearch/mp4/jolt.mp4
jolting, https://media.signbsl.com/videos/asl/youtube/mp4/wBD_u3nR9Cc.mp4
jolty, https://media.signbsl.com/videos/asl/youtube/mp4/wBD_u3nR9Cc.mp4
Jordan, https://media.signbsl.com/videos/asl/youtube/mp4/3ECIQvrX418.mp4
Joseph Smith, https://media.signbsl.com/videos/asl/ids/mp4/2013-11-2570-joseph-smith-1500k-ase.mp4
josh, https://media.signbsl.com/videos/asl/youtube/mp4/sBA3Kc-yH4o.mp4
jostle, https://media.signbsl.com/videos/asl/youtube/mp4/lKHxoYIostE.mp4
jot, https://media.signbsl.com/videos/asl/aslsearch/mp4/jot.mp4
jot down, https://media.signbsl.com/videos/asl/youtube/mp4/OZJiqTpKMMk.mp4
jotter, https://media.signbsl.com/videos/asl/youtube/mp4/6svhd40ZIWI.mp4
jotting, https://media.signbsl.com/videos/asl/aslsearch/mp4/jot.mp4
joule, https://media.signbsl.com/videos/asl/youtube/mp4/ouEhr9gXNj4.mp4
journal, https://media.signbsl.com/videos/asl/aslsignbank/mp4/PUBLICATION-2010.mp4
journalism, https://media.signbsl.com/videos/asl/youtube/mp4/DYbiyvdDAaY.mp4
journalist, https://media.signbsl.com/videos/asl/aslsearch/mp4/journalist.mp4
journalistic, https://media.signbsl.com/videos/asl/youtube/mp4/sSa0DUozcaY.mp4
journey, https://media.signbsl.com/videos/asl/elementalaslconcepts/mp4/travel.mp4
journeyer, https://media.signbsl.com/videos/asl/youtube/mp4/gFDlaMJ_KJQ.mp4
journeying, https://media.signbsl.com/videos/asl/aslsearch/mp4/journey.mp4
journeyman, https://media.signbsl.com/videos/asl/youtube/mp4/150dIZwLn6Y.mp4
joust, https://media.signbsl.com/videos/asl/youtube/mp4/oWgzbp6u_5U.mp4
joy, https://media.signbsl.com/videos/asl/aslsearch/mp4/joy.mp4
joyful, https://media.signbsl.com/videos/asl/youtube/mp4/51BzgA2UATM.mp4
joyless, https://media.signbsl.com/videos/asl/youtube/mp4/jsdgTcgNADk.mp4
joyous, https://media.signbsl.com/videos/asl/youtube/mp4/MCPnRrheZQw.mp4
joyridden, https://media.signbsl.com/videos/asl/youtube/mp4/qphELlGZ6C8.mp4
joyrider, https://media.signbsl.com/videos/asl/youtube/mp4/EmbX_wYMzhQ.mp4
joystick, https://media.signbsl.com/videos/asl/youtube/mp4/Pu-IHXSqlaE.mp4
Jr, https://media.signbsl.com/videos/asl/aslsearch/mp4/junior.mp4
jr., https://media.signbsl.com/videos/asl/aslsearch/mp4/junior.mp4
jubilant, https://media.signbsl.com/videos/asl/youtube/mp4/XfzmQmSvXlg.mp4
jubilation, https://media.signbsl.com/videos/asl/aslsignbank/mp4/HOLIDAY-2533.mp4
jubilee, https://media.signbsl.com/videos/asl/youtube/mp4/Y6-tBdHNqNE.mp4
Judaic, https://media.signbsl.com/videos/asl/valleybible/mp4/Jewish.mp4
judaize, https://media.signbsl.com/videos/asl/youtube/mp4/uy9dWK_9i60.mp4
Judas, https://media.signbsl.com/videos/asl/valleybible/mp4/Judas%20Iscariot.mp4
Judas Iscariot, https://media.signbsl.com/videos/asl/valleybible/mp4/Judas%20Iscariot.mp4
judge, https://media.signbsl.com/videos/asl/tsdvideo/mp4/397.mp4
judged, https://media.signbsl.com/videos/asl/youtube/mp4/GmqkXv9x9_Q.mp4
judgement, https://media.signbsl.com/videos/asl/aslsearch/mp4/judgement.mp4
judgemental, https://media.signbsl.com/videos/asl/youtube/mp4/X6M0IJ17yII.mp4
judging, https://media.signbsl.com/videos/asl/valleybible/mp4/judgement.mp4
judgment, https://media.signbsl.com/videos/asl/ids/mp4/2013-11-1720-final-judgment-1500k-ase.mp4
judicatories, https://media.signbsl.com/videos/asl/youtube/mp4/kWDIuuLFmDY.mp4
judicatory, https://media.signbsl.com/videos/asl/youtube/mp4/kWDIuuLFmDY.mp4
judicature, https://media.signbsl.com/videos/asl/aslsignbank/mp4/LAWYER-2991.mp4
judicial, https://media.signbsl.com/videos/asl/youtube/mp4/V9KckkL1Rec.mp4
judicial admission, https://media.signbsl.com/videos/asl/unoclimb/mp4/W1zED2uBUoY.mp4
judicial branch, https://media.signbsl.com/videos/asl/elementalaslconcepts/mp4/judicial_branch.mp4
judicial decision, https://media.signbsl.com/videos/asl/unoclimb/mp4/5T2Lt35r2X4.mp4
judicial system, https://media.signbsl.com/videos/asl/youtube/mp4/kWDIuuLFmDY.mp4
judiciary, https://media.signbsl.com/videos/asl/youtube/mp4/kWDIuuLFmDY.mp4
judicious, https://media.signbsl.com/videos/asl/youtube/mp4/69WhhZBCzKM.mp4
jug, https://media.signbsl.com/videos/asl/aslsearch/mp4/jail.mp4
jugful, https://media.signbsl.com/videos/asl/youtube/mp4/vdZWvVMYh6Y.mp4
Juggernaut, https://media.signbsl.com/videos/asl/youtube/mp4/tO6tNf12Q98.mp4
juggle, https://media.signbsl.com/videos/asl/signlanguagestudent/mp4/beguile.mp4
juggler, https://media.signbsl.com/videos/asl/youtube/mp4/mLODYR9QvZU.mp4
juggling, https://media.signbsl.com/videos/asl/aslsearch/mp4/juggle.mp4
Jugoslavija, https://player.vimeo.com/external/392877004.sd.mp4?s=27ab3a612b9678b564ed8289216e72f62f401837&profile_id=164
juice, https://media.signbsl.com/videos/asl/aslsignbank/mp4/JUICE-2922.mp4
juiceless, https://media.signbsl.com/videos/asl/youtube/mp4/ZvYRADlDYzo.mp4
juicer, https://media.signbsl.com/videos/asl/youtube/mp4/HFU4vzNBXJ0.mp4
juice reamer, https://media.signbsl.com/videos/asl/youtube/mp4/HFU4vzNBXJ0.mp4
juicier, https://media.signbsl.com/videos/asl/youtube/mp4/C2bKOQDCk_Q.mp4
juicily, https://media.signbsl.com/videos/asl/youtube/mp4/gTQCvKnnKwM.mp4
juiciness, https://media.signbsl.com/videos/asl/youtube/mp4/_MRA1OFpjZc.mp4
juicy, https://media.signbsl.com/videos/asl/youtube/mp4/-FtLCxG6-68.mp4
juke, https://media.signbsl.com/videos/asl/youtube/mp4/UVIXPKJhHlo.mp4
jukebox, https://media.signbsl.com/videos/asl/youtube/mp4/aGBHuMD2Djc.mp4
julies, https://media.signbsl.com/videos/asl/mariekatzenbachschool/mp4/July.mp4
julies sign name, https://media.signbsl.com/videos/asl/aslsignbank/mp4/NS-1554.mp4
July, https://media.signbsl.com/videos/asl/mariekatzenbachschool/mp4/July.mp4
July 4, https://player.vimeo.com/external/392677444.sd.mp4?s=55fb54cbe139177991df0bdb38202dd3f4dc8d74&profile_id=164
jumble, https://player.vimeo.com/external/391390565.sd.mp4?s=383ac5c5790e55cf22c9165515add97686652be0&profile_id=164
jumbo, https://media.signbsl.com/videos/asl/aslsearch/mp4/jumbo.mp4
jump, https://media.signbsl.com/videos/asl/aslsearch/mp4/jump.mp4
jumper, https://media.signbsl.com/videos/asl/youtube/mp4/PR2TOF9i8kw.mp4
jumping jack, https://media.signbsl.com/videos/asl/youtube/mp4/FM1r0tOJqw4.mp4
jumping jacks, https://media.signbsl.com/videos/asl/youtube/mp4/FM1r0tOJqw4.mp4
jumping rope, https://media.signbsl.com/videos/asl/youtube/mp4/uS77R9oL_Mo.mp4
jump off, https://media.signbsl.com/videos/asl/youtube/mp4/9W0HpfO0roo.mp4
jump on, https://media.signbsl.com/videos/asl/youtube/mp4/l7HsqLRJego.mp4
jump over, https://media.signbsl.com/videos/asl/aslsearch/mp4/jump-over.mp4
jump rope, https://media.signbsl.com/videos/asl/aslsearch/mp4/jump-rope.mp4
jump shot, https://media.signbsl.com/videos/asl/aslbricks/mp4/jump%20shot.mp4
jump to a conclusion, https://media.signbsl.com/videos/asl/youtube/mp4/qJ6C5MypYhc.mp4
jumpy, https://media.signbsl.com/videos/asl/youtube/mp4/tAz2v9Oqpg4.mp4
junco, https://media.signbsl.com/videos/asl/youtube/mp4/YH2ZOgd60IQ.mp4
junction, https://media.signbsl.com/videos/asl/aslsearch/mp4/junction.mp4
junction rectifier, https://media.signbsl.com/videos/asl/youtube/mp4/OaLYxorIPZs.mp4
junction transistor, https://media.signbsl.com/videos/asl/youtube/mp4/-X5zTkf9_3s.mp4
juncture, https://media.signbsl.com/videos/asl/youtube/mp4/IPf_LygnD9c.mp4
June, https://player.vimeo.com/external/392866863.sd.mp4?s=7846b739c7eabf33bbf712cb875375dc7d595d47&profile_id=164
June 14, https://player.vimeo.com/external/392676664.sd.mp4?s=55c1edf2205cc66e8afce01403aef84473ad81e3&profile_id=164
June 21, https://media.signbsl.com/videos/asl/youtube/mp4/lPt_4BHZPSE.mp4
jungle, https://media.signbsl.com/videos/asl/aslsearch/mp4/jungle.mp4
Junior, https://media.signbsl.com/videos/asl/aslsignbank/mp4/JUNIOR-1703.mp4
junior high, https://media.signbsl.com/videos/asl/startasl/mp4/junior-high-school.mp4
junior high school, https://media.signbsl.com/videos/asl/startasl/mp4/junior-high-school.mp4
junior partner, https://media.signbsl.com/videos/asl/youtube/mp4/e8PiMILQBTw.mp4
junior rare, https://media.signbsl.com/videos/asl/youtube/mp4/CAG-MY3y6t0.mp4
junior varsity, https://media.signbsl.com/videos/asl/aslsearch/mp4/junior-varsity.mp4
junk, https://player.vimeo.com/external/392383115.sd.mp4?s=c49dafb32c13ff1e87f99d4ca66551c3d71c0277&profile_id=164
junk e mail, https://media.signbsl.com/videos/asl/deaftec/mp4/1060.mp4
junket, https://media.signbsl.com/videos/asl/aslsearch/mp4/excursion.mp4
junk food, https://player.vimeo.com/external/392866886.sd.mp4?s=5f6548299c680165b480bf84d097adab00ddd6fa&profile_id=164
junkie, https://media.signbsl.com/videos/asl/aslsearch/mp4/nut.mp4
junky, https://media.signbsl.com/videos/asl/aslsearch/mp4/nut.mp4
Junoesque, https://media.signbsl.com/videos/asl/youtube/mp4/SnfUme63Mzw.mp4
junta, https://media.signbsl.com/videos/asl/youtube/mp4/WbQeK3vLO4w.mp4
junto, https://media.signbsl.com/videos/asl/valleybible/mp4/faction.mp4
Jupiter, https://media.signbsl.com/videos/asl/youtube/mp4/TEiRvCCMaNQ.mp4
jural, https://media.signbsl.com/videos/asl/youtube/mp4/m52UfsD-OKY.mp4
juridic, https://media.signbsl.com/videos/asl/youtube/mp4/V9KckkL1Rec.mp4
juridical, https://media.signbsl.com/videos/asl/youtube/mp4/V9KckkL1Rec.mp4
juries, https://media.signbsl.com/videos/asl/youtube/mp4/HFhXmjpXLXw.mp4
jurisdiction, https://media.signbsl.com/videos/asl/youtube/mp4/BxRhSfH2BUk.mp4
jurisprudence, https://media.signbsl.com/videos/asl/youtube/mp4/4PpUJwOb07g.mp4
jurist, https://media.signbsl.com/videos/asl/signlanguagestudent/mp4/judge%20(alternate).mp4
juristic, https://media.signbsl.com/videos/asl/youtube/mp4/m52UfsD-OKY.mp4
juror, https://media.signbsl.com/videos/asl/youtube/mp4/-33BQt3ep3k.mp4
jury, https://media.signbsl.com/videos/asl/youtube/mp4/HFhXmjpXLXw.mp4
juryman, https://media.signbsl.com/videos/asl/youtube/mp4/-33BQt3ep3k.mp4
jury rigged, https://media.signbsl.com/videos/asl/youtube/mp4/Ei1EOpTAdd4.mp4
jurywoman, https://media.signbsl.com/videos/asl/youtube/mp4/-33BQt3ep3k.mp4
just, https://media.signbsl.com/videos/asl/aslsignbank/mp4/BARELY-650.mp4
just about, https://media.signbsl.com/videos/asl/aslsignbank/mp4/APPROXIMATE-636.mp4
just for safe keeping, https://media.signbsl.com/videos/asl/youtube/mp4/wjjhD8re6Bs.mp4
justice, https://media.signbsl.com/videos/asl/ids/mp4/2013-11-2600-justice-1500k-ase.mp4
justifiable, https://media.signbsl.com/videos/asl/youtube/mp4/779A4xRcnaw.mp4
justification, https://media.signbsl.com/videos/asl/valleybible/mp4/justification.mp4
justificative, https://media.signbsl.com/videos/asl/youtube/mp4/um7kJrO24Xk.mp4
justificatory, https://media.signbsl.com/videos/asl/youtube/mp4/um7kJrO24Xk.mp4
justify, https://media.signbsl.com/videos/asl/youtube/mp4/vyhO5MVNA0I.mp4
just in case, https://player.vimeo.com/external/392196532.sd.mp4?s=ca91974bd3d542e6ca313fd247332f2b7e7f0ce7&profile_id=164
justness, https://media.signbsl.com/videos/asl/ids/mp4/2013-11-2600-justice-1500k-ase.mp4
just now, https://media.signbsl.com/videos/asl/aslsignbank/mp4/RECENT-235.mp4
just right, https://media.signbsl.com/videos/asl/aslsignbank/mp4/E(perfect)-1891.mp4
just then, https://media.signbsl.com/videos/asl/youtube/mp4/1yN6OGpXO_k.mp4
jut, https://media.signbsl.com/videos/asl/youtube/mp4/nDFUdAsRmGg.mp4
jutting, https://media.signbsl.com/videos/asl/youtube/mp4/U4LwGYoOulY.mp4
juvenile, https://media.signbsl.com/videos/asl/aslsearch/mp4/juvenile.mp4
juvenile delinquency, https://media.signbsl.com/videos/asl/youtube/mp4/qjn9znRs2RQ.mp4
juxtapose, https://media.signbsl.com/videos/asl/youtube/mp4/sewt4cNOQ6w.mp4
JV, https://media.signbsl.com/videos/asl/aslsearch/mp4/junior-varsity.mp4
