K, https://media.signbsl.com/videos/asl/aslsignbank/mp4/LETTER-K-1667.mp4
kabbalistic, https://media.signbsl.com/videos/asl/youtube/mp4/2j5PBlGDM-g.mp4
kabob, https://player.vimeo.com/external/392685262.sd.mp4?s=316617be086f5e4a1e3c5f09965194e5286acac7&profile_id=164
kaffeeklatsch, https://media.signbsl.com/videos/asl/youtube/mp4/5DSOOQkgkPo.mp4
kail, https://player.vimeo.com/external/392685294.sd.mp4?s=fe63a2824a2e351a446b4738002173d3dc3e4bbe&profile_id=164
kaizen, https://media.signbsl.com/videos/asl/youtube/mp4/gFCJyiqgKYA.mp4
Kalaallit Nunaat, https://player.vimeo.com/external/392153606.sd.mp4?s=3b7323c4198ac839d6d11974bc5ebe71e4626cd1&profile_id=164
kale, https://media.signbsl.com/videos/asl/youtube/mp4/3WtmZlJ5YxA.mp4
kaleidoscope, https://media.signbsl.com/videos/asl/youtube/mp4/pvuIwiWV63s.mp4
kalian, https://player.vimeo.com/external/392184956.sd.mp4?s=0762a602630e6028ed32858ede539cd50493dc11&profile_id=164
kamala harris, https://media.signbsl.com/videos/asl/thefamilyvocab/mp4/Kamala-Harris.mp4
kamikaze, https://media.signbsl.com/videos/asl/youtube/mp4/VglmfQ3_H3g.mp4
Kampuchea, https://media.signbsl.com/videos/asl/youtube/mp4/w0aFk6jj640.mp4
kangaroo, https://player.vimeo.com/external/392866949.sd.mp4?s=c9c82ce4f82c51813b976ce7e5cdad146e39a46c&profile_id=164
Kansas, https://media.signbsl.com/videos/asl/youtube/mp4/VKhX7FwHDUk.mp4
Kant, https://media.signbsl.com/videos/asl/philosophy/mp4/Kant-HD.mp4
karaoke, https://media.signbsl.com/videos/asl/youtube/mp4/sSEDguLsY0A.mp4
Karat, https://media.signbsl.com/videos/asl/youtube/mp4/EF3oeqIxxrE.mp4
karate, https://media.signbsl.com/videos/asl/aslsearch/mp4/karate.mp4
karma, https://media.signbsl.com/videos/asl/youtube/mp4/0v_wx0GfbK8.mp4
karyon, https://media.signbsl.com/videos/asl/deaftec/mp4/1405.mp4
Katar, https://media.signbsl.com/videos/asl/youtube/mp4/rVVkTCnIT-s.mp4
Katar Peninsula, https://media.signbsl.com/videos/asl/youtube/mp4/rVVkTCnIT-s.mp4
katharsis, https://media.signbsl.com/videos/asl/youtube/mp4/eLLeCXEtCzw.mp4
kayak, https://media.signbsl.com/videos/asl/aslsearch/mp4/kayak.mp4
Kazak, https://media.signbsl.com/videos/asl/youtube/mp4/aHbjdS-SqLs.mp4
Kazakh, https://media.signbsl.com/videos/asl/youtube/mp4/aHbjdS-SqLs.mp4
Kazakhstan, https://media.signbsl.com/videos/asl/youtube/mp4/aHbjdS-SqLs.mp4
Kazakstan, https://media.signbsl.com/videos/asl/youtube/mp4/aHbjdS-SqLs.mp4
kebab, https://player.vimeo.com/external/392685262.sd.mp4?s=316617be086f5e4a1e3c5f09965194e5286acac7&profile_id=164
keel, https://media.signbsl.com/videos/asl/youtube/mp4/Gvg3fxrSgHA.mp4
keel over, https://media.signbsl.com/videos/asl/youtube/mp4/-oDcCunw-GY.mp4
keen, https://media.signbsl.com/videos/asl/aslsearch/mp4/great.mp4
keener, https://media.signbsl.com/videos/asl/youtube/mp4/itbi-lZx494.mp4
keenness, https://media.signbsl.com/videos/asl/youtube/mp4/wyrkYDpI3js.mp4
keep, https://media.signbsl.com/videos/asl/aslsignbank/mp4/KEEP-1700.mp4
keep apart, https://media.signbsl.com/videos/asl/ids/mp4/2013-11-4410-set-apart-1500k-ase.mp4
keep back, https://player.vimeo.com/external/392183652.sd.mp4?s=db88acb15903faff8fccf85d2bcb23c1fa01436b&profile_id=164
keep down, https://media.signbsl.com/videos/asl/youtube/mp4/osSQH-adP-c.mp4
keeper, https://media.signbsl.com/videos/asl/youtube/mp4/KlACg_3vYME.mp4
keep from, https://media.signbsl.com/videos/asl/youtube/mp4/AnsZCCRdCaw.mp4
keep going, https://media.signbsl.com/videos/asl/aslsignbank/mp4/E(keep-going)-1897.mp4
keep in mind, https://media.signbsl.com/videos/asl/aslsearch/mp4/keep-in-mind.mp4
keep it a secret, https://media.signbsl.com/videos/asl/youtube/mp4/ns0ID7N1_QI.mp4
keep mum, https://media.signbsl.com/videos/asl/aslsignbank/mp4/E(shh)-1888.mp4
keep paying, https://media.signbsl.com/videos/asl/startasl/mp4/keep-paying.mp4
keepsake, https://media.signbsl.com/videos/asl/youtube/mp4/fo3iKdZwxgY.mp4
keep up, https://media.signbsl.com/videos/asl/youtube/mp4/0hBOOrQqYlM.mp4
keister, https://media.signbsl.com/videos/asl/youtube/mp4/k4acAbNtqrg.mp4
kelter, https://media.signbsl.com/videos/asl/youtube/mp4/5f8fG3bovps.mp4
ken, https://media.signbsl.com/videos/asl/youtube/mp4/LQun7oSHE0w.mp4
Kendall, https://media.signbsl.com/videos/asl/youtube/mp4/wNJI8rJN_Jg.mp4
ken looks like his father, https://media.signbsl.com/videos/asl/mariekatzenbachschool/mp4/Ken%20looks%20like%20his%20father.mp4
kennel, https://media.signbsl.com/videos/asl/aslsearch/mp4/kennel.mp4
keno, https://player.vimeo.com/external/391201964.sd.mp4?s=e6dcc1b802d154a49917983a6e32dcab1d50b712&profile_id=164
Kentucky, https://media.signbsl.com/videos/asl/youtube/mp4/Na2vaztGlHc.mp4
Kenya, https://media.signbsl.com/videos/asl/aslsignbank/mp4/KENYA-3384.mp4
kept up, https://media.signbsl.com/videos/asl/youtube/mp4/myR4OEWs7GU.mp4
keratin, https://media.signbsl.com/videos/asl/youtube/mp4/BHO1X0mj88w.mp4
kerb, https://media.signbsl.com/videos/asl/youtube/mp4/U-ePa39DUpk.mp4
kerfuffle, https://media.signbsl.com/videos/asl/youtube/mp4/TP1xGosEXRo.mp4
kernel, https://media.signbsl.com/videos/asl/philosophy/mp4/Essence-HD.mp4
ketchup, https://media.signbsl.com/videos/asl/startasl/mp4/ketchup.mp4
ketone, https://media.signbsl.com/videos/asl/youtube/mp4/kMySLGWN8VM.mp4
kettle, https://media.signbsl.com/videos/asl/youtube/mp4/dk0hiqeeXiA.mp4
kettledrum, https://media.signbsl.com/videos/asl/youtube/mp4/Uibgy50cz70.mp4
key, https://media.signbsl.com/videos/asl/startasl/mp4/key.mp4
keyboard, https://media.signbsl.com/videos/asl/startasl/mp4/keyboard.mp4
keyboardist, https://media.signbsl.com/videos/asl/youtube/mp4/IaGce5e_v-4.mp4
key hole, https://media.signbsl.com/videos/asl/AustinCommunityCollege/mp4/weld_keyhole_.mp4
keyhole, https://media.signbsl.com/videos/asl/AustinCommunityCollege/mp4/weld_keyhole_.mp4
keyless, https://media.signbsl.com/videos/asl/youtube/mp4/MaI_ZFR188k.mp4
key map, https://media.signbsl.com/videos/asl/elementalaslconcepts/mp4/map_key.mp4
keynote, https://media.signbsl.com/videos/asl/youtube/mp4/ERRs85KnTkY.mp4
Keys of the Kingdom, https://media.signbsl.com/videos/asl/ids/mp4/2013-11-2620-keys-of-the-kingdom-1500k-ase.mp4
Keys priesthood, https://media.signbsl.com/videos/asl/ids/mp4/2013-11-2610-keys-priesthood-1500k-ase.mp4
keystone, https://media.signbsl.com/videos/asl/ids/mp4/2013-11-2630-keystone-1500k-ase.mp4
Keystone State, https://media.signbsl.com/videos/asl/youtube/mp4/M6dJoh6osVI.mp4
kg, https://media.signbsl.com/videos/asl/tsdvideo/mp4/714.mp4
khan, https://media.signbsl.com/videos/asl/youtube/mp4/GeGo2Qn_K9M.mp4
khi, https://player.vimeo.com/external/395745401.sd.mp4?s=4ce4b25e44d7dd67f311d12bc55e4f859d3f4a03&profile_id=164
kibbitz, https://media.signbsl.com/videos/asl/youtube/mp4/YyQ47a5eg3A.mp4
kibitz, https://media.signbsl.com/videos/asl/youtube/mp4/YyQ47a5eg3A.mp4
kick, https://media.signbsl.com/videos/asl/aslsignbank/mp4/KICK-161.mp4
kick back, https://media.signbsl.com/videos/asl/aslsearch/mp4/kick-back.mp4
kickball, https://media.signbsl.com/videos/asl/youtube/mp4/TpCB9zD2Zfs.mp4
kickboard, https://media.signbsl.com/videos/asl/youtube/mp4/xDmOBPENqQ8.mp4
kick downstairs, https://player.vimeo.com/external/391931560.sd.mp4?s=9577b54a6ee3efb140efb5e2488dcebcac262308&profile_id=164
kicked the bucket, https://player.vimeo.com/external/392687404.sd.mp4?s=86506198d53d7df53522153e8363191449abfae6&profile_id=164
kicker, https://media.signbsl.com/videos/asl/youtube/mp4/cU6SPjRv9j4.mp4
kick in, https://player.vimeo.com/external/395747022.sd.mp4?s=88cc2d5560f9f28c1ab1a0a9a3ec47d21c7d600a&profile_id=164
kicking up, https://media.signbsl.com/videos/asl/youtube/mp4/iuWAX4tALB4.mp4
kick off, https://player.vimeo.com/external/392197572.sd.mp4?s=4e01deb257ab587fb98e2b0924605a279100a82b&profile_id=164
kick out, https://media.signbsl.com/videos/asl/aslsearch/mp4/expel.mp4
kickshaw, https://media.signbsl.com/videos/asl/youtube/mp4/E_a6_sqn9NQ.mp4
kick the bucket, https://media.signbsl.com/videos/asl/youtube/mp4/7Reav4BjWdQ.mp4
kick up, https://media.signbsl.com/videos/asl/youtube/mp4/jZgxWeXyx7A.mp4
kid, https://media.signbsl.com/videos/asl/startasl/mp4/children.mp4
kidding, https://media.signbsl.com/videos/asl/aslsearch/mp4/kidding.mp4
kidding me, https://media.signbsl.com/videos/asl/aslsearch/mp4/kidding-me.mp4
kiddish, https://media.signbsl.com/videos/asl/youtube/mp4/qJa5a1XMivg.mp4
kidnap, https://media.signbsl.com/videos/asl/aslsearch/mp4/abduct.mp4
kidney, https://media.signbsl.com/videos/asl/aslsearch/mp4/kidney.mp4
Kierkegaard, https://media.signbsl.com/videos/asl/philosophy/mp4/Kierkegaard-HD.mp4
kill, https://media.signbsl.com/videos/asl/aslsignbank/mp4/KILL-616.mp4
killed, https://media.signbsl.com/videos/asl/startasl/mp4/killed.mp4
killer, https://media.signbsl.com/videos/asl/aslsearch/mp4/killer.mp4
killjoy, https://media.signbsl.com/videos/asl/youtube/mp4/4C8rAj2rtRo.mp4
kill me, https://media.signbsl.com/videos/asl/youtube/mp4/nrQKzkrTk8M.mp4
kilo, https://media.signbsl.com/videos/asl/tsdvideo/mp4/714.mp4
kilogram, https://media.signbsl.com/videos/asl/tsdvideo/mp4/714.mp4
kiloliter, https://media.signbsl.com/videos/asl/youtube/mp4/aEsoFnT9e4Q.mp4
kilolitre, https://media.signbsl.com/videos/asl/youtube/mp4/aEsoFnT9e4Q.mp4
kilometer, https://media.signbsl.com/videos/asl/tsdvideo/mp4/470.mp4
kilometre, https://media.signbsl.com/videos/asl/tsdvideo/mp4/470.mp4
kilt, https://media.signbsl.com/videos/asl/youtube/mp4/yPbzmVhCjKM.mp4
kilter, https://media.signbsl.com/videos/asl/youtube/mp4/5f8fG3bovps.mp4
kin, https://media.signbsl.com/videos/asl/uploads/mp4/user_upload602fef647ea202.53876418.mp4
kind, https://media.signbsl.com/videos/asl/aslsignbank/mp4/TYPE-164.mp4
kinda, https://media.signbsl.com/videos/asl/aslsignbank/mp4/E(so-so)-1886.mp4
kinder, https://media.signbsl.com/videos/asl/youtube/mp4/8TtfwGKC22o.mp4
kindergarten, https://media.signbsl.com/videos/asl/aslsignbank/mp4/KINDERGARTEN-2223.mp4
kindergartener, https://media.signbsl.com/videos/asl/youtube/mp4/asxV2moZkqs.mp4
kindle, https://media.signbsl.com/videos/asl/youtube/mp4/kaURhjFOeyM.mp4
kindling, https://media.signbsl.com/videos/asl/youtube/mp4/vwrg4tqTHIs.mp4
kindness, https://media.signbsl.com/videos/asl/aslsearch/mp4/kindness.mp4
kind of, https://media.signbsl.com/videos/asl/aslsignbank/mp4/E(so-so)-1886.mp4
kind of bird, https://media.signbsl.com/videos/asl/youtube/mp4/ZphuD2rTjyc.mp4
kind of bitter, https://media.signbsl.com/videos/asl/youtube/mp4/-6VW7juLP5Y.mp4
kind of cat, https://media.signbsl.com/videos/asl/youtube/mp4/vTEZon_1Qw4.mp4
kind of dance, https://media.signbsl.com/videos/asl/youtube/mp4/skr-6xhS87g.mp4
kind of disease, https://media.signbsl.com/videos/asl/youtube/mp4/Ny1E-8MPk7Y.mp4
kind of dog, https://media.signbsl.com/videos/asl/youtube/mp4/CLpMLT1B6GM.mp4
kind of fish, https://media.signbsl.com/videos/asl/youtube/mp4/Fg86GDhFtY4.mp4
kind of flavor, https://media.signbsl.com/videos/asl/youtube/mp4/2USgQ6AgUr4.mp4
kind of flower, https://media.signbsl.com/videos/asl/youtube/mp4/Gd2plOJCtQY.mp4
kind of light, https://media.signbsl.com/videos/asl/youtube/mp4/wAI-dOHcdTs.mp4
kind of material, https://media.signbsl.com/videos/asl/youtube/mp4/hrNmUJCYeB0.mp4
kind of metal, https://media.signbsl.com/videos/asl/youtube/mp4/vK1fXtIwBbw.mp4
kind of nut, https://media.signbsl.com/videos/asl/youtube/mp4/hmV90ElRLYA.mp4
kind of plant, https://media.signbsl.com/videos/asl/youtube/mp4/fNX9bvsR24M.mp4
kind of rock, https://media.signbsl.com/videos/asl/youtube/mp4/a5hq2UXyolE.mp4
kind of salty, https://media.signbsl.com/videos/asl/youtube/mp4/UXn0mKQBuAs.mp4
kind of snake, https://media.signbsl.com/videos/asl/youtube/mp4/rk4XxrFjl_o.mp4
kind of so so, https://media.signbsl.com/videos/asl/youtube/mp4/tjpsELh3AlA.mp4
kind of sour, https://media.signbsl.com/videos/asl/youtube/mp4/LMhgQ12U4xU.mp4
kind of tree, https://media.signbsl.com/videos/asl/youtube/mp4/_f6t_Nyx2DU.mp4
kind of wood, https://media.signbsl.com/videos/asl/youtube/mp4/OoK0Z9NAKms.mp4
kindred, https://media.signbsl.com/videos/asl/uploads/mp4/user_upload602fef647ea202.53876418.mp4
kindred spirits, https://media.signbsl.com/videos/asl/youtube/mp4/jyzS-Pvjrss.mp4
kine, https://media.signbsl.com/videos/asl/aslsearch/mp4/cattle.mp4
kinematic, https://media.signbsl.com/videos/asl/youtube/mp4/wDU-swrTtoo.mp4
kinetic, https://media.signbsl.com/videos/asl/youtube/mp4/1E4-x86YFxw.mp4
kinetochore, https://media.signbsl.com/videos/asl/deaftec/mp4/1353.mp4
king, https://media.signbsl.com/videos/asl/startasl/mp4/king.mp4
kingbolt, https://media.signbsl.com/videos/asl/youtube/mp4/dXNYYiQrPRY.mp4
kingdom, https://media.signbsl.com/videos/asl/signlanguagestudent/mp4/Kingdom.mp4
Kingdom of Belgium, https://media.signbsl.com/videos/asl/youtube/mp4/jLbk_bC9h9U.mp4
Kingdom of Bhutan, https://media.signbsl.com/videos/asl/youtube/mp4/pahz5zMorrk.mp4
Kingdom of Cambodia, https://media.signbsl.com/videos/asl/youtube/mp4/w0aFk6jj640.mp4
Kingdom of Denmark, https://media.signbsl.com/videos/asl/youtube/mp4/UqZPHD9wdf8.mp4
Kingdom of God, https://media.signbsl.com/videos/asl/ids/mp4/2013-11-2640-kingdom-1500k-ase.mp4
Kingdom of Heaven, https://media.signbsl.com/videos/asl/ids/mp4/2013-11-2650-kingdom-of-heaven-1500k-ase.mp4
Kingdom of Lesotho, https://media.signbsl.com/videos/asl/aslsignbank/mp4/LESOTHO-3480.mp4
Kingdom of Morocco, https://media.signbsl.com/videos/asl/aslsignbank/mp4/MOROCCO-3486.mp4
Kingdom of Nepal, https://media.signbsl.com/videos/asl/youtube/mp4/60SwGeGI72w.mp4
Kingdom of Norway, https://media.signbsl.com/videos/asl/youtube/mp4/rHhfQRgVaOc.mp4
Kingdom of Saudi Arabia, https://media.signbsl.com/videos/asl/youtube/mp4/lnu4U5Tun24.mp4
Kingdom of Spain, https://media.signbsl.com/videos/asl/startasl/mp4/spain.mp4
Kingdom of Swaziland, https://media.signbsl.com/videos/asl/youtube/mp4/DDtxd8Ittu0.mp4
Kingdom of Sweden, https://media.signbsl.com/videos/asl/startasl/mp4/sweden.mp4
Kingdom of Thailand, https://media.signbsl.com/videos/asl/youtube/mp4/EWxe5YCLz30.mp4
Kingdom of The Netherlands, https://media.signbsl.com/videos/asl/youtube/mp4/1setR0hZOx8.mp4
kingmaker, https://media.signbsl.com/videos/asl/youtube/mp4/I3TAsKP0DvQ.mp4
king of beasts, https://media.signbsl.com/videos/asl/startasl/mp4/lion.mp4
kingpin, https://media.signbsl.com/videos/asl/youtube/mp4/DwfUSWfYcTI.mp4
kin group, https://media.signbsl.com/videos/asl/uploads/mp4/user_upload602fef647ea202.53876418.mp4
kingship, https://media.signbsl.com/videos/asl/youtube/mp4/Ipaw66RWJHc.mp4
kingsize, NA
king size bed, https://player.vimeo.com/external/392685435.sd.mp4?s=2116b48fcbf932f8cc5fd583dac2c0cab41cdb05&profile_id=164
Kingston, https://media.signbsl.com/videos/asl/youtube/mp4/fXemWUX0XmE.mp4
kink, https://media.signbsl.com/videos/asl/youtube/mp4/efs2TYBgRUc.mp4
kinkily, https://media.signbsl.com/videos/asl/youtube/mp4/N2l-UsKd7BY.mp4
kinky, https://player.vimeo.com/external/392124411.sd.mp4?s=8b9eff34048f8d02ef718169b34091503de1e665&profile_id=164
kinship, https://media.signbsl.com/videos/asl/youtube/mp4/WLSPGkuKy_g.mp4
kinship group, https://media.signbsl.com/videos/asl/uploads/mp4/user_upload602fef647ea202.53876418.mp4
kinsman, https://media.signbsl.com/videos/asl/youtube/mp4/CsWZGpe23Mw.mp4
kinswoman, https://media.signbsl.com/videos/asl/youtube/mp4/hfHPZzo2kOU.mp4
kiosk, https://media.signbsl.com/videos/asl/aslsearch/mp4/cubicle.mp4
kip, https://media.signbsl.com/videos/asl/startasl/mp4/sleep.mp4
kip down, https://media.signbsl.com/videos/asl/aslsearch/mp4/go-to-sleep.mp4
kippah, https://media.signbsl.com/videos/asl/youtube/mp4/ggkLRmcCFSM.mp4
Kirghiz, https://media.signbsl.com/videos/asl/youtube/mp4/oAgHKpvpGsU.mp4
Kirghizia, https://media.signbsl.com/videos/asl/youtube/mp4/oAgHKpvpGsU.mp4
Kirghizstan, https://media.signbsl.com/videos/asl/youtube/mp4/oAgHKpvpGsU.mp4
Kirgiz, https://media.signbsl.com/videos/asl/youtube/mp4/oAgHKpvpGsU.mp4
Kirgizia, https://media.signbsl.com/videos/asl/youtube/mp4/oAgHKpvpGsU.mp4
Kirgizstan, https://media.signbsl.com/videos/asl/youtube/mp4/oAgHKpvpGsU.mp4
kismat, https://media.signbsl.com/videos/asl/youtube/mp4/s48VlB9euY8.mp4
kismet, https://media.signbsl.com/videos/asl/youtube/mp4/s48VlB9euY8.mp4
kiss, https://media.signbsl.com/videos/asl/startasl/mp4/kiss.mp4
kissable, https://media.signbsl.com/videos/asl/youtube/mp4/n-OpPsDpPbo.mp4
kisser, https://media.signbsl.com/videos/asl/youtube/mp4/uDW8LhVCBTc.mp4
kiss fist, https://player.vimeo.com/external/392685465.sd.mp4?s=d1cf42e540912c7ed8c637e92edafb50b8f45fb4&profile_id=164
kissing, https://player.vimeo.com/external/392380749.sd.mp4?s=e9db38157d1680d5cda5968ce9f87323b597ee9c&profile_id=164
kissing disease, https://media.signbsl.com/videos/asl/youtube/mp4/halK2cgXohU.mp4
kiss mouth, https://media.signbsl.com/videos/asl/aslsignbank/mp4/KISS_2-2987.mp4
kissoff, https://media.signbsl.com/videos/asl/youtube/mp4/yKUmV7V83lE.mp4
kiss of life, https://player.vimeo.com/external/395726575.sd.mp4?s=bfa99945920b59264c2e3774a375fb854d32c497&profile_id=164
kit, https://media.signbsl.com/videos/asl/youtube/mp4/JURsLWjbh1U.mp4
kitchen, https://media.signbsl.com/videos/asl/startasl/mp4/kitchen.mp4
kitchenette, https://media.signbsl.com/videos/asl/youtube/mp4/yB1X3q4F2SU.mp4
kitchen range, https://media.signbsl.com/videos/asl/aslsearch/mp4/stove.mp4
kitchen stove, https://media.signbsl.com/videos/asl/aslsearch/mp4/stove.mp4
kitchenware, https://media.signbsl.com/videos/asl/youtube/mp4/L2PkAFSPSmk.mp4
kite, https://media.signbsl.com/videos/asl/aslsignbank/mp4/KITE-1698.mp4
kite shape, https://player.vimeo.com/external/392685502.sd.mp4?s=6e57749cf939db6e69bc1d11753f3193cbf0810f&profile_id=164
kitsch, https://media.signbsl.com/videos/asl/youtube/mp4/3Uj1LOiNdOs.mp4
kitten, https://media.signbsl.com/videos/asl/aslsearch/mp4/kitten.mp4
kittenish, https://media.signbsl.com/videos/asl/youtube/mp4/Nr5zrHGhBJw.mp4
kitties, https://media.signbsl.com/videos/asl/aslsearch/mp4/kitten.mp4
kitty, https://media.signbsl.com/videos/asl/aslsearch/mp4/kitten.mp4
kitty cat, https://media.signbsl.com/videos/asl/youtube/mp4/_khxJikfLuc.mp4
kk, https://media.signbsl.com/videos/asl/aslsearch/mp4/kk.mp4
KKK, https://media.signbsl.com/videos/asl/youtube/mp4/YXzeUA_tb1o.mp4
Klan, https://media.signbsl.com/videos/asl/youtube/mp4/YXzeUA_tb1o.mp4
klaxon, https://media.signbsl.com/videos/asl/youtube/mp4/wtnpk7emBEk.mp4
Kleenex, https://media.signbsl.com/videos/asl/aslsignbank/mp4/TISSUE-1242.mp4
klepper, https://media.signbsl.com/videos/asl/youtube/mp4/1VizeKhelSc.mp4
klick, https://media.signbsl.com/videos/asl/tsdvideo/mp4/470.mp4
klutz, https://media.signbsl.com/videos/asl/aslsearch/mp4/klutz.mp4
km, https://media.signbsl.com/videos/asl/tsdvideo/mp4/470.mp4
knack, https://media.signbsl.com/videos/asl/youtube/mp4/ZIn5950hYdI.mp4
knapsack, https://media.signbsl.com/videos/asl/aslsignbank/mp4/BACKPACK-408.mp4
knave, https://media.signbsl.com/videos/asl/youtube/mp4/bFAM7_C-VLM.mp4
knavish, https://media.signbsl.com/videos/asl/youtube/mp4/6ghfSzLcMK0.mp4
knavishly, https://media.signbsl.com/videos/asl/youtube/mp4/uGV1YIlRMsg.mp4
knead, https://media.signbsl.com/videos/asl/aslsearch/mp4/knead.mp4
knee, https://media.signbsl.com/videos/asl/mariekatzenbachschool/mp4/knee.mp4
knee bend, https://media.signbsl.com/videos/asl/youtube/mp4/6pEmIokhitY.mp4
knee joint, https://media.signbsl.com/videos/asl/mariekatzenbachschool/mp4/knee.mp4
kneel, https://media.signbsl.com/videos/asl/aslsearch/mp4/kneel.mp4
knell, https://media.signbsl.com/videos/asl/youtube/mp4/qN88-pYZjzY.mp4
knew, https://media.signbsl.com/videos/asl/youtube/mp4/cFADJSPjM1w.mp4
knickers, https://media.signbsl.com/videos/asl/youtube/mp4/Y0kmKEMkhLE.mp4
knickknack, https://media.signbsl.com/videos/asl/youtube/mp4/aNj_Zff2zc8.mp4
knickknackery, https://media.signbsl.com/videos/asl/youtube/mp4/aNj_Zff2zc8.mp4
knife, https://media.signbsl.com/videos/asl/aslsignbank/mp4/KNIFE-2880.mp4
knife thrust, https://media.signbsl.com/videos/asl/aslsearch/mp4/stab.mp4
knight, https://media.signbsl.com/videos/asl/youtube/mp4/GNFc7k4E72Y.mp4
knightly, https://media.signbsl.com/videos/asl/youtube/mp4/PQ-FnBTjzKw.mp4
knit, https://media.signbsl.com/videos/asl/aslsearch/mp4/knit.mp4
knitter, https://media.signbsl.com/videos/asl/youtube/mp4/hESF38n8SAQ.mp4
knitting, https://media.signbsl.com/videos/asl/aslsignbank/mp4/KNITTING-2989.mp4
knitwork, https://media.signbsl.com/videos/asl/aslsignbank/mp4/KNITTING-2989.mp4
knob, https://media.signbsl.com/videos/asl/aslsearch/mp4/knob.mp4
knock, https://media.signbsl.com/videos/asl/aslsignbank/mp4/CORRECT-1167.mp4
knock down, https://media.signbsl.com/videos/asl/youtube/mp4/IAvxUsRWl3I.mp4
knockdown, https://media.signbsl.com/videos/asl/youtube/mp4/IAvxUsRWl3I.mp4
knocker, https://media.signbsl.com/videos/asl/aslsearch/mp4/breast.mp4
knock it flat to the floor, https://media.signbsl.com/videos/asl/youtube/mp4/S0O2nfxgECM.mp4
knock it off, https://media.signbsl.com/videos/asl/aslsearch/mp4/knock-it-off.mp4
knock off, https://player.vimeo.com/external/392510697.sd.mp4?s=ba149970def7d241347c242b2c23caafe5107885&profile_id=164
knock on wood, https://media.signbsl.com/videos/asl/youtube/mp4/4v_EufmmE9g.mp4
knockout, https://media.signbsl.com/videos/asl/startasl/mp4/sweetheart.mp4
knock out punch, https://media.signbsl.com/videos/asl/youtube/mp4/Gm2Wuppg424.mp4
knockout punch, https://media.signbsl.com/videos/asl/youtube/mp4/Gm2Wuppg424.mp4
knock rummy, https://media.signbsl.com/videos/asl/youtube/mp4/eiBt-hrtYVE.mp4
knock up, https://player.vimeo.com/external/392195817.sd.mp4?s=26ceec88c26175e7c9cd2c073bf410958f3b69c4&profile_id=164
knoll, https://media.signbsl.com/videos/asl/youtube/mp4/Z5seAeOwXSM.mp4
knot, https://media.signbsl.com/videos/asl/aslsearch/mp4/knot.mp4
knottier, https://media.signbsl.com/videos/asl/youtube/mp4/0EvTvGaFTpw.mp4
knotty, https://media.signbsl.com/videos/asl/youtube/mp4/xmFDbX9J6O4.mp4
know, https://media.signbsl.com/videos/asl/startasl/mp4/know.mp4
knowable, https://media.signbsl.com/videos/asl/youtube/mp4/_g4wW290Nu4.mp4
know all, https://media.signbsl.com/videos/asl/youtube/mp4/GrG3dwbQY3w.mp4
know apart, https://media.signbsl.com/videos/asl/aslsearch/mp4/discriminate.mp4
knowing, https://media.signbsl.com/videos/asl/youtube/mp4/jpTeh4c4lsU.mp4
knowingness, https://media.signbsl.com/videos/asl/youtube/mp4/AWaAS1-PMzU.mp4
know it all, https://media.signbsl.com/videos/asl/youtube/mp4/GrG3dwbQY3w.mp4
know it like the back of your hand, https://media.signbsl.com/videos/asl/youtube/mp4/ugDFQphXJ6A.mp4
knowledge, https://media.signbsl.com/videos/asl/aslsearch/mp4/knowledge.mp4
known, https://media.signbsl.com/videos/asl/youtube/mp4/I8R5gA91PTc.mp4
know nothing, https://media.signbsl.com/videos/asl/aslsignbank/mp4/KNOW-NOTHING-3052.mp4
knuckle, https://media.signbsl.com/videos/asl/aslsearch/mp4/knuckle.mp4
knucklehead, https://player.vimeo.com/external/391206075.sd.mp4?s=70036e65baeb2a49618c767f8923c823ff04370d&profile_id=164
knuckle joint, https://media.signbsl.com/videos/asl/aslsearch/mp4/knuckle.mp4
knuckle under, https://media.signbsl.com/videos/asl/youtube/mp4/6zf_pbcUsc0.mp4
kobe, https://media.signbsl.com/videos/asl/youtube/mp4/u2awwdRiq6w.mp4
kodak, https://media.signbsl.com/videos/asl/youtube/mp4/hFPVUvLS2nM.mp4
Koln, https://media.signbsl.com/videos/asl/aslsignbank/mp4/PERFUME-886.mp4
kookie, https://media.signbsl.com/videos/asl/startasl/mp4/nuts.mp4
kooky, https://media.signbsl.com/videos/asl/startasl/mp4/nuts.mp4
KO punch, https://media.signbsl.com/videos/asl/youtube/mp4/Gm2Wuppg424.mp4
Koran, https://media.signbsl.com/videos/asl/youtube/mp4/Tim_PTo9OqM.mp4
Korea, https://media.signbsl.com/videos/asl/startasl/mp4/korea.mp4
Korean Peninsula, https://media.signbsl.com/videos/asl/startasl/mp4/korea.mp4
kosher, https://player.vimeo.com/external/392685584.sd.mp4?s=b1a19a888c50fe72510deec5888b4b0a616a83d2&profile_id=164
Kosovo, https://media.signbsl.com/videos/asl/youtube/mp4/MdSDpVgwlI4.mp4
kotow, https://media.signbsl.com/videos/asl/youtube/mp4/ApVlwMBb508.mp4
Koweit, https://media.signbsl.com/videos/asl/youtube/mp4/OpKLRZjGncc.mp4
kowtow, https://media.signbsl.com/videos/asl/youtube/mp4/ApVlwMBb508.mp4
Kr, https://media.signbsl.com/videos/asl/youtube/mp4/gfGFZB6p0wg.mp4
Kriss Kringle, https://media.signbsl.com/videos/asl/youtube/mp4/tp4AGGQymJ4.mp4
krypton, https://media.signbsl.com/videos/asl/youtube/mp4/gfGFZB6p0wg.mp4
KS, https://media.signbsl.com/videos/asl/youtube/mp4/VKhX7FwHDUk.mp4
kudos, https://media.signbsl.com/videos/asl/signlanguagestudent/mp4/praise%20(alternate).mp4
Ku Klux Klan, https://media.signbsl.com/videos/asl/youtube/mp4/YXzeUA_tb1o.mp4
Kuwait, https://media.signbsl.com/videos/asl/youtube/mp4/OpKLRZjGncc.mp4
kvetch, https://media.signbsl.com/videos/asl/startasl/mp4/complain.mp4
Kwanza, https://media.signbsl.com/videos/asl/youtube/mp4/7c_8vby0qNc.mp4
Kwanzaa, https://media.signbsl.com/videos/asl/youtube/mp4/7c_8vby0qNc.mp4
KY, https://media.signbsl.com/videos/asl/youtube/mp4/Na2vaztGlHc.mp4
Kyoto, https://media.signbsl.com/videos/asl/youtube/mp4/bQoMMBFd0OA.mp4
Kyrgyz Republic, https://media.signbsl.com/videos/asl/youtube/mp4/oAgHKpvpGsU.mp4
Kyrgyzstan, https://media.signbsl.com/videos/asl/youtube/mp4/oAgHKpvpGsU.mp4
