O, https://media.signbsl.com/videos/asl/aslsignbank/mp4/LETTER-O-1663.mp4
o'clock, https://media.signbsl.com/videos/asl/youtube/mp4/KgmBCHujR3E.mp4
o.d., NA
o.k., https://media.signbsl.com/videos/asl/startasl/mp4/fine.mp4
oaf, https://media.signbsl.com/videos/asl/youtube/mp4/Zavh6n7aUNk.mp4
oar, https://media.signbsl.com/videos/asl/aslsearch/mp4/oar.mp4
oarsman, https://media.signbsl.com/videos/asl/youtube/mp4/yH2XTK7_4J8.mp4
OAS, https://media.signbsl.com/videos/asl/youtube/mp4/1SVTcMThRFs.mp4
oases, https://media.signbsl.com/videos/asl/youtube/mp4/1SVTcMThRFs.mp4
oath, https://media.signbsl.com/videos/asl/ids/mp4/2013-11-3250-oath-1500k-ase.mp4
Oath and Covenant, https://media.signbsl.com/videos/asl/ids/mp4/2013-11-3260-oath-and-covenant-of-the-priesthood-1500k-ase.mp4
obama, https://media.signbsl.com/videos/asl/thefamilyvocab/mp4/Obama.mp4
obedience, https://media.signbsl.com/videos/asl/valleybible/mp4/Obedience.mp4
Obedience Obey, https://media.signbsl.com/videos/asl/ids/mp4/2013-11-3270-obedience-obey-1500k-ase.mp4
obeisance, https://media.signbsl.com/videos/asl/valleybible/mp4/Obedience.mp4
obese, https://media.signbsl.com/videos/asl/aslsearch/mp4/obese.mp4
obey, https://media.signbsl.com/videos/asl/aslsearch/mp4/obey.mp4
obfuscation, https://media.signbsl.com/videos/asl/youtube/mp4/ZI1DNid_A4Y.mp4
obit, https://media.signbsl.com/videos/asl/youtube/mp4/nmYvnCu-UlU.mp4
obituary, https://media.signbsl.com/videos/asl/youtube/mp4/nmYvnCu-UlU.mp4
object, https://media.signbsl.com/videos/asl/aslsignbank/mp4/PROTEST-1495.mp4
objectify, https://media.signbsl.com/videos/asl/youtube/mp4/qfvrn6MzKTI.mp4
objection, https://media.signbsl.com/videos/asl/youtube/mp4/WGXYGAjWpOI.mp4
objectionable, https://media.signbsl.com/videos/asl/youtube/mp4/OA3xt8ttlk4.mp4
objection overruled, https://media.signbsl.com/videos/asl/unoclimb/mp4/fv22u-_addE.mp4
objection sustained, https://media.signbsl.com/videos/asl/unoclimb/mp4/gAIyn1lI_KE.mp4
objective, https://media.signbsl.com/videos/asl/aslsearch/mp4/objective.mp4
objects, https://media.signbsl.com/videos/asl/aslsignbank/mp4/PROTEST-1495.mp4
objurgate, https://media.signbsl.com/videos/asl/signlanguagestudent/mp4/condemn.mp4
obligate, https://player.vimeo.com/external/391907910.sd.mp4?s=ab764c402586894d3e95be1eeff3907597c70ccc&profile_id=164
obligation, https://media.signbsl.com/videos/asl/aslsearch/mp4/duty.mp4
Obligation Burden, https://media.signbsl.com/videos/asl/ids/mp4/2013-11-3280-obligation-burden-1500k-ase.mp4
oblige, https://player.vimeo.com/external/391907910.sd.mp4?s=ab764c402586894d3e95be1eeff3907597c70ccc&profile_id=164
obligingness, https://media.signbsl.com/videos/asl/youtube/mp4/_CWVg42azI8.mp4
obliterable, https://media.signbsl.com/videos/asl/youtube/mp4/7Tce3tb98r0.mp4
obliterate, https://media.signbsl.com/videos/asl/youtube/mp4/inyks2UBU7w.mp4
oblivion, https://media.signbsl.com/videos/asl/youtube/mp4/eVXuUtmek8I.mp4
oblivious, https://player.vimeo.com/external/392130782.sd.mp4?s=cd7c1e42a1797b135fe3043dfc6eec35b935e568&profile_id=164
obnoxious, https://media.signbsl.com/videos/asl/youtube/mp4/OA3xt8ttlk4.mp4
obnubilate, https://media.signbsl.com/videos/asl/youtube/mp4/Z761FZiVb2c.mp4
oboe, https://media.signbsl.com/videos/asl/youtube/mp4/kzaOmmIJThc.mp4
obscene, https://player.vimeo.com/external/391145557.sd.mp4?s=eb50b886119c7534a3fb5ecaceabb8084956620b&profile_id=164
obscure, https://media.signbsl.com/videos/asl/youtube/mp4/Z761FZiVb2c.mp4
obscureness, https://media.signbsl.com/videos/asl/youtube/mp4/_iO-LX4D958.mp4
obscurity, https://media.signbsl.com/videos/asl/youtube/mp4/_iO-LX4D958.mp4
observance, https://player.vimeo.com/external/395736156.sd.mp4?s=52f1f0f3dec64c6ca819f27a49c7299c3ff7f89d&profile_id=164
observation, https://media.signbsl.com/videos/asl/youtube/mp4/ERjg2svi8Jc.mp4
observatories, https://media.signbsl.com/videos/asl/youtube/mp4/4ppRwDlcpBw.mp4
observatory, https://media.signbsl.com/videos/asl/youtube/mp4/4ppRwDlcpBw.mp4
observe, https://media.signbsl.com/videos/asl/aslsignbank/mp4/GLIMPSE-2150.mp4
observer, https://media.signbsl.com/videos/asl/youtube/mp4/RyB-bjlOPIw.mp4
obsess, https://media.signbsl.com/videos/asl/aslsignbank/mp4/OBSESS-1552.mp4
obsessed, https://media.signbsl.com/videos/asl/aslsignbank/mp4/MONSTER-507.mp4
obsession, https://media.signbsl.com/videos/asl/youtube/mp4/AYGINHKvQII.mp4
obsidian, https://media.signbsl.com/videos/asl/youtube/mp4/efBOHSW7Xno.mp4
obsolesce, https://media.signbsl.com/videos/asl/youtube/mp4/ZBJz7a-g1pY.mp4
obstacle, https://media.signbsl.com/videos/asl/youtube/mp4/WCihbQaohIA.mp4
obstetric, https://media.signbsl.com/videos/asl/youtube/mp4/_40hjdcUG7Q.mp4
obstetrical, https://media.signbsl.com/videos/asl/youtube/mp4/_40hjdcUG7Q.mp4
obstetrician, https://media.signbsl.com/videos/asl/youtube/mp4/P0-MIT3UyQI.mp4
obstinate, https://media.signbsl.com/videos/asl/youtube/mp4/1jZe5M-4Uog.mp4
obstruct, https://media.signbsl.com/videos/asl/aslsignbank/mp4/EMBARRASS-2756.mp4
obstruction, https://media.signbsl.com/videos/asl/youtube/mp4/WCihbQaohIA.mp4
obstructionism, https://media.signbsl.com/videos/asl/youtube/mp4/DnuGWOQiWsY.mp4
obstruction of justice, https://media.signbsl.com/videos/asl/unoclimb/mp4/xR2ZTIwjCTI.mp4
obtain, https://media.signbsl.com/videos/asl/aslsearch/mp4/attain.mp4
obtrude, https://media.signbsl.com/videos/asl/youtube/mp4/sfSv3SGwjHU.mp4
obtrude upon, https://media.signbsl.com/videos/asl/aslsearch/mp4/invade.mp4
obtuse, https://media.signbsl.com/videos/asl/youtube/mp4/Tu9FS6n5uuE.mp4
obtuse angle, https://media.signbsl.com/videos/asl/tsdvideo/mp4/484.mp4
obtuse angled triangle, https://media.signbsl.com/videos/asl/tsdvideo/mp4/295.mp4
obtuse triangle, https://media.signbsl.com/videos/asl/tsdvideo/mp4/295.mp4
obviate, https://media.signbsl.com/videos/asl/youtube/mp4/IRLoe0ze1_E.mp4
obvious, https://media.signbsl.com/videos/asl/signlanguagestudent/mp4/obvious.mp4
obviously, https://player.vimeo.com/external/392019736.sd.mp4?s=df93f16955a25d0bf635502323b5431605450066&profile_id=164
ocarina, https://player.vimeo.com/external/392754981.sd.mp4?s=f7a8335cfd491f051764d3137639dc0820aa7167&profile_id=164
Occams Razor, https://media.signbsl.com/videos/asl/philosophy/mp4/Occam's%20Razor-HD.mp4
occasion, https://media.signbsl.com/videos/asl/youtube/mp4/6uInOgPWnT4.mp4
occasional, https://media.signbsl.com/videos/asl/youtube/mp4/YaoRVFL59UQ.mp4
occasionally, https://media.signbsl.com/videos/asl/aslsearch/mp4/once-in-a-while.mp4
occult, https://media.signbsl.com/videos/asl/youtube/mp4/zUPdX94bG6Q.mp4
occult arts, https://media.signbsl.com/videos/asl/youtube/mp4/zUPdX94bG6Q.mp4
occultation, https://player.vimeo.com/external/392000525.sd.mp4?s=c906766d0594c01674f30a3df96b79edb0295845&profile_id=164
occultist, https://media.signbsl.com/videos/asl/youtube/mp4/MXFmO9E_Nyc.mp4
occupancy, https://media.signbsl.com/videos/asl/youtube/mp4/dDBDbdX5jCQ.mp4
occupant, https://media.signbsl.com/videos/asl/youtube/mp4/7LfXmAmMRT4.mp4
occupation, https://media.signbsl.com/videos/asl/startasl/mp4/job.mp4
occupied, https://media.signbsl.com/videos/asl/startasl/mp4/engaged.mp4
occupier, https://media.signbsl.com/videos/asl/youtube/mp4/7LfXmAmMRT4.mp4
occur, https://media.signbsl.com/videos/asl/aslsearch/mp4/happen.mp4
occurrence, NA
ocean, https://media.signbsl.com/videos/asl/startasl/mp4/ocean.mp4
oceanaut, https://media.signbsl.com/videos/asl/youtube/mp4/Y3o63ksQ3HA.mp4
ocean bottom, https://media.signbsl.com/videos/asl/youtube/mp4/wF5UFtsAQJI.mp4
ocean floor, https://media.signbsl.com/videos/asl/youtube/mp4/wF5UFtsAQJI.mp4
Oceania, https://media.signbsl.com/videos/asl/youtube/mp4/o6sw7RVJZCU.mp4
Oceanica, https://media.signbsl.com/videos/asl/youtube/mp4/o6sw7RVJZCU.mp4
oceanographic, https://media.signbsl.com/videos/asl/youtube/mp4/U8h_6Ggr3uQ.mp4
Ocean State, https://media.signbsl.com/videos/asl/youtube/mp4/0eJ7ZUmDWnI.mp4
ocelot, https://media.signbsl.com/videos/asl/youtube/mp4/RK6wirmUero.mp4
Ockhams Razor, https://media.signbsl.com/videos/asl/philosophy/mp4/Occam's%20Razor-HD.mp4
oclock, https://media.signbsl.com/videos/asl/youtube/mp4/KgmBCHujR3E.mp4
Oct, https://media.signbsl.com/videos/asl/mariekatzenbachschool/mp4/October.mp4
octagon, https://media.signbsl.com/videos/asl/tsdvideo/mp4/485.mp4
octet, https://media.signbsl.com/videos/asl/deaftec/mp4/1023.mp4
octette, https://media.signbsl.com/videos/asl/deaftec/mp4/1023.mp4
October, https://media.signbsl.com/videos/asl/mariekatzenbachschool/mp4/October.mp4
October 12, https://player.vimeo.com/external/392649885.sd.mp4?s=1d47ef1fc978e1bc5af71016f027910ae28c8512&profile_id=164
octogenarian, https://media.signbsl.com/videos/asl/youtube/mp4/KnNXyVc7KUU.mp4
octopi, https://media.signbsl.com/videos/asl/youtube/mp4/8OGSrDv9wvI.mp4
octopus, https://media.signbsl.com/videos/asl/aslsearch/mp4/octopus.mp4
octuple, https://player.vimeo.com/external/392001343.sd.mp4?s=1686419b52a583d47d54091db9d4ff8e43d993a6&profile_id=164
ocular, https://media.signbsl.com/videos/asl/aslsignbank/mp4/VISION-1397.mp4
oculist, https://media.signbsl.com/videos/asl/youtube/mp4/mv9tEa8WEhY.mp4
oculus, https://media.signbsl.com/videos/asl/aslsearch/mp4/eye.mp4
odalisque, https://media.signbsl.com/videos/asl/youtube/mp4/EWcgko-3P2g.mp4
odd, https://media.signbsl.com/videos/asl/aslsearch/mp4/last2.mp4
oddball, https://media.signbsl.com/videos/asl/youtube/mp4/GAoqBeLW2zA.mp4
oddity, https://media.signbsl.com/videos/asl/youtube/mp4/pxlZNR4c2Ks.mp4
odd job man, https://media.signbsl.com/videos/asl/youtube/mp4/wTeLDiBGaSs.mp4
oddment, https://media.signbsl.com/videos/asl/youtube/mp4/xVfeVGz1zZo.mp4
oddments, https://media.signbsl.com/videos/asl/youtube/mp4/vB4ehCbk3B8.mp4
odd number, https://media.signbsl.com/videos/asl/elementalaslconcepts/mp4/odd.mp4
odds, https://media.signbsl.com/videos/asl/tsdvideo/mp4/553.mp4
odds and ends, https://media.signbsl.com/videos/asl/youtube/mp4/vB4ehCbk3B8.mp4
odds maker, https://media.signbsl.com/videos/asl/youtube/mp4/FcAUrIIRQ-U.mp4
odious, https://media.signbsl.com/videos/asl/youtube/mp4/kMatXMDKHJc.mp4
odontalgia, https://media.signbsl.com/videos/asl/aslsearch/mp4/toothache.mp4
odor, https://media.signbsl.com/videos/asl/aslsignbank/mp4/SMELL-1076.mp4
odorless, https://media.signbsl.com/videos/asl/aslsearch/mp4/odorless.mp4
odour, https://media.signbsl.com/videos/asl/aslsignbank/mp4/SMELL-1076.mp4
odourless, https://media.signbsl.com/videos/asl/aslsearch/mp4/odorless.mp4
odyssey, https://media.signbsl.com/videos/asl/youtube/mp4/ewHFuv6rer0.mp4
oecumenical, https://media.signbsl.com/videos/asl/philosophy/mp4/Universal-HD.mp4
o e m original equipment manufacturer or original factory part, https://media.signbsl.com/videos/asl/AustinCommunityCollege/mp4/auto_OEM_.mp4
oesophagus, https://media.signbsl.com/videos/asl/aslsearch/mp4/esophagus.mp4
Oesterreich, https://media.signbsl.com/videos/asl/startasl/mp4/austria.mp4
oestrogen, https://media.signbsl.com/videos/asl/youtube/mp4/ijeNGO55HJE.mp4
of, https://media.signbsl.com/videos/asl/aslsearch/mp4/of.mp4
of a sudden, https://media.signbsl.com/videos/asl/aslsignbank/mp4/SNAP-2060.mp4
of course, https://media.signbsl.com/videos/asl/aslsearch/mp4/of-course.mp4
off, https://media.signbsl.com/videos/asl/startasl/mp4/off.mp4
off and on, https://media.signbsl.com/videos/asl/youtube/mp4/rEPZzJl7_A4.mp4
offbeat, https://player.vimeo.com/external/392124411.sd.mp4?s=8b9eff34048f8d02ef718169b34091503de1e665&profile_id=164
off campus, https://media.signbsl.com/videos/asl/youtube/mp4/4o91L8BmcDk.mp4
off color, https://media.signbsl.com/videos/asl/youtube/mp4/-T1-W7apqts.mp4
offence, https://media.signbsl.com/videos/asl/aslsearch/mp4/offense.mp4
offend, https://media.signbsl.com/videos/asl/youtube/mp4/9Kzqs__ubIg.mp4
offender, https://media.signbsl.com/videos/asl/youtube/mp4/gvpOTojtmRw.mp4
offense, https://media.signbsl.com/videos/asl/aslsearch/mp4/offense.mp4
offense foul, https://media.signbsl.com/videos/asl/youtube/mp4/NtKPmNTN9Ac.mp4
offensive, https://media.signbsl.com/videos/asl/youtube/mp4/YxndRtvthWg.mp4
offensive activity, https://media.signbsl.com/videos/asl/aslsearch/mp4/offense.mp4
offer, https://media.signbsl.com/videos/asl/aslsearch/mp4/bid.mp4
Offer-up Sacrifice, NA
offering, https://media.signbsl.com/videos/asl/ids/mp4/2013-11-3290-offering-1500k-ase.mp4
offering to god, https://media.signbsl.com/videos/asl/valleybible/mp4/offering%20to%20God.mp4
offhand, https://media.signbsl.com/videos/asl/youtube/mp4/l0kBLGghYb8.mp4
offhanded, https://media.signbsl.com/videos/asl/youtube/mp4/l0kBLGghYb8.mp4
off his rocker, https://media.signbsl.com/videos/asl/youtube/mp4/lBW4DqcuInc.mp4
office, https://media.signbsl.com/videos/asl/startasl/mp4/office.mp4
Office of the Priesthood, https://media.signbsl.com/videos/asl/ids/mp4/2013-11-3300-office-of-priesthood-1500k-ase.mp4
officer, https://media.signbsl.com/videos/asl/startasl/mp4/policeman.mp4
official, https://media.signbsl.com/videos/asl/youtube/mp4/Wc8V9q7jbC0.mp4
official document, https://media.signbsl.com/videos/asl/aslsignbank/mp4/VIOLIN-1396.mp4
officiate, https://media.signbsl.com/videos/asl/youtube/mp4/bZ_ntzQcEpg.mp4
officious, https://media.signbsl.com/videos/asl/youtube/mp4/0TM8NO9x4hY.mp4
offish, https://media.signbsl.com/videos/asl/youtube/mp4/R6vY7-JIFH8.mp4
offload, https://media.signbsl.com/videos/asl/youtube/mp4/ucoyBTCnQDg.mp4
offsaddle, https://media.signbsl.com/videos/asl/youtube/mp4/I6g5yzcwc-s.mp4
offset, https://media.signbsl.com/videos/asl/youtube/mp4/szBxn4y1KA8.mp4
offshoot, https://media.signbsl.com/videos/asl/youtube/mp4/8LFTSz_PWGY.mp4
offside, https://media.signbsl.com/videos/asl/youtube/mp4/D7jjL2DUpCo.mp4
offsides, https://media.signbsl.com/videos/asl/youtube/mp4/D7jjL2DUpCo.mp4
offspring, https://media.signbsl.com/videos/asl/youtube/mp4/ikJKf1KmRDA.mp4
offstage, https://player.vimeo.com/external/392627576.sd.mp4?s=77d882d77f5861adcd12f7b60a0ce626c57ff9de&profile_id=164
off the cuff, https://media.signbsl.com/videos/asl/youtube/mp4/l0kBLGghYb8.mp4
off the point, https://media.signbsl.com/videos/asl/youtube/mp4/by2mI9Stsv0.mp4
off the record, https://media.signbsl.com/videos/asl/unoclimb/mp4/1tP6HP38Qos.mp4
off the wall, https://media.signbsl.com/videos/asl/aslsearch/mp4/bizarre.mp4
off topic, https://media.signbsl.com/videos/asl/youtube/mp4/9abUcEu5Aqg.mp4
of import, https://media.signbsl.com/videos/asl/startasl/mp4/important.mp4
of late, https://media.signbsl.com/videos/asl/signlanguagestudent/mp4/recently.mp4
of necessity, https://media.signbsl.com/videos/asl/elementalaslconcepts/mp4/needs.mp4
oft, https://media.signbsl.com/videos/asl/startasl/mp4/often.mp4
often, https://media.signbsl.com/videos/asl/startasl/mp4/often.mp4
oftenness, https://media.signbsl.com/videos/asl/tsdvideo/mp4/1266.mp4
oftentimes, https://media.signbsl.com/videos/asl/startasl/mp4/often.mp4
ofttimes, https://media.signbsl.com/videos/asl/startasl/mp4/often.mp4
ogle, https://media.signbsl.com/videos/asl/youtube/mp4/zpXNyosudCA.mp4
ogre, https://media.signbsl.com/videos/asl/youtube/mp4/uRjuQWBwtd4.mp4
OH, https://media.signbsl.com/videos/asl/youtube/mp4/6elya53sEN8.mp4
Oh-I-See or Interesting, NA
oh dear, https://media.signbsl.com/videos/asl/youtube/mp4/p8S0joG9EpE.mp4
ohh, https://media.signbsl.com/videos/asl/youtube/mp4/r7uF2dwByNI.mp4
Ohio, https://media.signbsl.com/videos/asl/youtube/mp4/6elya53sEN8.mp4
oh i see, https://media.signbsl.com/videos/asl/youtube/mp4/E12JK7giDXw.mp4
Ohm, https://media.signbsl.com/videos/asl/AustinCommunityCollege/mp4/elec_ohms_.mp4
ohmic resistance, https://media.signbsl.com/videos/asl/youtube/mp4/u5K9NBqfGLQ.mp4
ohms, https://media.signbsl.com/videos/asl/AustinCommunityCollege/mp4/elec_ohms_.mp4
oh my, https://media.signbsl.com/videos/asl/startasl/mp4/wow.mp4
oh my god, https://media.signbsl.com/videos/asl/youtube/mp4/HAS3M8U-Fa8.mp4
oh please, https://media.signbsl.com/videos/asl/youtube/mp4/clhG0QQX-Es.mp4
oh that sucks, https://media.signbsl.com/videos/asl/youtube/mp4/bPmbpNhCZK4.mp4
oh what fun, https://media.signbsl.com/videos/asl/youtube/mp4/GgTPPOsPx3s.mp4
oh yeah, https://media.signbsl.com/videos/asl/youtube/mp4/AE34YKXncmw.mp4
oil, https://media.signbsl.com/videos/asl/aslsignbank/mp4/GREASE-2783.mp4
oilier, https://media.signbsl.com/videos/asl/youtube/mp4/MwnhjLnuAcg.mp4
oil pan, https://media.signbsl.com/videos/asl/AustinCommunityCollege/mp4/auto_oil_pan_.mp4
oil rig, https://media.signbsl.com/videos/asl/youtube/mp4/Ybwd7OR-LRY.mp4
oilrig, https://media.signbsl.com/videos/asl/youtube/mp4/Ybwd7OR-LRY.mp4
oily, https://player.vimeo.com/external/392152825.sd.mp4?s=dafed8ac387b9c845a72a7f76796962382d2c3a1&profile_id=164
ointment, https://media.signbsl.com/videos/asl/youtube/mp4/EHb-jCXCfHk.mp4
ok, https://media.signbsl.com/videos/asl/startasl/mp4/fine.mp4
okay, https://media.signbsl.com/videos/asl/startasl/mp4/fine.mp4
okay okay okay, https://media.signbsl.com/videos/asl/aslsignbank/mp4/E(okay)-1893.mp4
okeh, https://media.signbsl.com/videos/asl/aslsearch/mp4/ok2.mp4
okey, https://media.signbsl.com/videos/asl/aslsearch/mp4/ok2.mp4
Oklahoma, https://media.signbsl.com/videos/asl/youtube/mp4/Ve9Nq4jv3Us.mp4
okra, https://player.vimeo.com/external/392693781.sd.mp4?s=f2b4f133a143054b225bbb37e707e85235425025&profile_id=164
old, https://media.signbsl.com/videos/asl/startasl/mp4/old.mp4
old as the hills, https://media.signbsl.com/videos/asl/youtube/mp4/OKjH7V1zrZ4.mp4
old codger, https://media.signbsl.com/videos/asl/youtube/mp4/RpsKIZ5TMK4.mp4
Old Colony, https://media.signbsl.com/videos/asl/youtube/mp4/eRzu_o4Fyyc.mp4
Old Dominion, https://media.signbsl.com/videos/asl/youtube/mp4/9jaYMbsU5_0.mp4
Old Dominion State, https://media.signbsl.com/videos/asl/youtube/mp4/9jaYMbsU5_0.mp4
old elder eldest, https://media.signbsl.com/videos/asl/youtube/mp4/jQEpx63aHTE.mp4
olden, https://media.signbsl.com/videos/asl/youtube/mp4/7JQ4PSKJWGc.mp4
older, https://media.signbsl.com/videos/asl/youtube/mp4/rrAZdWRQ0bQ.mp4
old fashioned, https://media.signbsl.com/videos/asl/aslsearch/mp4/antique.mp4
old hat, https://media.signbsl.com/videos/asl/aslsearch/mp4/antique.mp4
Old Line State, https://media.signbsl.com/videos/asl/youtube/mp4/Clb4tsVBbp0.mp4
Old North State, https://media.signbsl.com/videos/asl/youtube/mp4/m46aAIqqAoU.mp4
old person, https://media.signbsl.com/videos/asl/aslsignbank/mp4/SENIOR-CITIZEN-1966.mp4
old salt, https://media.signbsl.com/videos/asl/youtube/mp4/1et83qdKyOw.mp4
oldster, https://media.signbsl.com/videos/asl/aslsignbank/mp4/SENIOR-CITIZEN-1966.mp4
Old Testament, https://media.signbsl.com/videos/asl/signlanguagestudent/mp4/Old%20Testament.mp4
Old World buffalo, https://media.signbsl.com/videos/asl/aslsearch/mp4/buffalo.mp4
Old World mistletoe, https://media.signbsl.com/videos/asl/youtube/mp4/e_czhQCSO_g.mp4
oleaginous, https://media.signbsl.com/videos/asl/youtube/mp4/cIfReZSw6ZI.mp4
oleo, https://player.vimeo.com/external/392287286.sd.mp4?s=2e444c34b2c916a7490fd80cf575f88fa8b0d554&profile_id=164
oleomargarine, https://player.vimeo.com/external/392287286.sd.mp4?s=2e444c34b2c916a7490fd80cf575f88fa8b0d554&profile_id=164
olfaction, https://media.signbsl.com/videos/asl/youtube/mp4/UqPpN1YL7j8.mp4
olfactory modality, https://media.signbsl.com/videos/asl/youtube/mp4/UqPpN1YL7j8.mp4
olfactory organ, https://media.signbsl.com/videos/asl/aslsearch/mp4/nose.mp4
olfactory property, https://media.signbsl.com/videos/asl/aslsignbank/mp4/SMELL-1076.mp4
olibanum, https://media.signbsl.com/videos/asl/youtube/mp4/0u-959RzE7A.mp4
olive, https://media.signbsl.com/videos/asl/mariekatzenbachschool/mp4/olives.mp4
Oliver Cowdery, https://media.signbsl.com/videos/asl/ids/mp4/2013-11-3320-oliver-cowdery-1500k-ase.mp4
olives, https://media.signbsl.com/videos/asl/mariekatzenbachschool/mp4/olives.mp4
olp 2 pin, https://media.signbsl.com/videos/asl/AustinCommunityCollege/mp4/elec_2pin_OLP_.mp4
olp 3 pin, https://media.signbsl.com/videos/asl/AustinCommunityCollege/mp4/elec_3pin_OLP_.mp4
olp overload protection, https://media.signbsl.com/videos/asl/AustinCommunityCollege/mp4/elec_OLP_.mp4
Olympiad, https://media.signbsl.com/videos/asl/aslsearch/mp4/olympics.mp4
olympian, https://media.signbsl.com/videos/asl/aslsearch/mp4/exceptional.mp4
Olympic Games, https://media.signbsl.com/videos/asl/aslsearch/mp4/olympics.mp4
Olympics, https://media.signbsl.com/videos/asl/aslsearch/mp4/olympics.mp4
Oman, https://media.signbsl.com/videos/asl/youtube/mp4/gJ7z0zuSXZU.mp4
ombudsman, https://media.signbsl.com/videos/asl/youtube/mp4/pjKGW-B8KR4.mp4
omega, https://media.signbsl.com/videos/asl/aslsearch/mp4/z.mp4
omelet, https://media.signbsl.com/videos/asl/mariekatzenbachschool/mp4/omelet.mp4
omelette, https://media.signbsl.com/videos/asl/mariekatzenbachschool/mp4/omelet.mp4
omen, https://media.signbsl.com/videos/asl/youtube/mp4/nSrp8F6NvsE.mp4
omg, https://media.signbsl.com/videos/asl/aslsignbank/mp4/i(oh-my)-1809.mp4
ominous, https://player.vimeo.com/external/392867726.sd.mp4?s=e4ca45c108b96e854329f931b19fbd6508e5deb1&profile_id=164
omit, https://player.vimeo.com/external/392026401.sd.mp4?s=7ee1d7baf4031f5b8c75c6f88e5b57a9b30e62dc&profile_id=164
omnibus, https://media.signbsl.com/videos/asl/startasl/mp4/bus.mp4
omnipotence, https://media.signbsl.com/videos/asl/youtube/mp4/cGAN_weEzRs.mp4
omnipotent, https://media.signbsl.com/videos/asl/aslsearch/mp4/almighty.mp4
omnipresence, https://media.signbsl.com/videos/asl/youtube/mp4/xsDN1suP3Lc.mp4
omnipresent, https://media.signbsl.com/videos/asl/valleybible/mp4/omnipresent.mp4
omniscience, https://media.signbsl.com/videos/asl/youtube/mp4/MOLwGEx5RNY.mp4
omniscient, https://media.signbsl.com/videos/asl/valleybible/mp4/omniscient.mp4
omnium gatherum, https://media.signbsl.com/videos/asl/youtube/mp4/vB4ehCbk3B8.mp4
omnivore, https://media.signbsl.com/videos/asl/elementalaslconcepts/mp4/omnivore.mp4
omphalos, https://media.signbsl.com/videos/asl/aslsearch/mp4/belly-button.mp4
omphalus, https://media.signbsl.com/videos/asl/aslsearch/mp4/belly-button.mp4
on, https://media.signbsl.com/videos/asl/aslsignbank/mp4/ON-203.mp4
on account of, https://media.signbsl.com/videos/asl/youtube/mp4/U2DeqAMoKPI.mp4
on a higher floor, https://media.signbsl.com/videos/asl/youtube/mp4/5z5Qf1SQgmc.mp4
on a lower floor, https://media.signbsl.com/videos/asl/aslsignbank/mp4/BOTTOM-700.mp4
on an individual basis, https://media.signbsl.com/videos/asl/youtube/mp4/CTSy_bVkevM.mp4
on a whim, https://media.signbsl.com/videos/asl/youtube/mp4/gnsHT-eczhE.mp4
onboard, https://media.signbsl.com/videos/asl/aslsignbank/mp4/GET-IN-778.mp4
once, https://media.signbsl.com/videos/asl/startasl/mp4/when.mp4
once again, https://media.signbsl.com/videos/asl/startasl/mp4/again.mp4
once a month, https://media.signbsl.com/videos/asl/startasl/mp4/once-a-month.mp4
once a week, https://media.signbsl.com/videos/asl/startasl/mp4/once-a-week.mp4
once in a blue moon, https://media.signbsl.com/videos/asl/youtube/mp4/1ILuwik651E.mp4
once in a while, https://media.signbsl.com/videos/asl/aslsearch/mp4/once-in-a-while.mp4
once more, https://media.signbsl.com/videos/asl/startasl/mp4/again.mp4
once over, https://media.signbsl.com/videos/asl/aslsearch/mp4/appearance.mp4
once upon a time, https://media.signbsl.com/videos/asl/startasl/mp4/once-upon-a-time2.mp4
once upon a time there was a very beautiful dolls house; it was red brick with white windows and it, NA
on cloud nine, https://media.signbsl.com/videos/asl/youtube/mp4/4idhwDSduys.mp4
oncologist, https://media.signbsl.com/videos/asl/youtube/mp4/z0aOrQPf1W0.mp4
oncology, https://media.signbsl.com/videos/asl/youtube/mp4/_nkDzC-rjbA.mp4
on deck, https://media.signbsl.com/videos/asl/youtube/mp4/RwQo8G6Peyg.mp4
one, https://media.signbsl.com/videos/asl/aslsignbank/mp4/ONE-519.mp4
one and only, https://player.vimeo.com/external/392375824.sd.mp4?s=853cfc016d2da0f6f16d6538a6fc61226844d1e2&profile_id=164
one billionth, https://media.signbsl.com/videos/asl/tsdvideo/mp4/214.mp4
one by one, https://media.signbsl.com/videos/asl/youtube/mp4/CTSy_bVkevM.mp4
one C, https://media.signbsl.com/videos/asl/youtube/mp4/wO5bxyGmYhI.mp4
one cent, https://media.signbsl.com/videos/asl/aslsearch/mp4/one-cent.mp4
one day, https://media.signbsl.com/videos/asl/aslsignbank/mp4/NUMBER-DAYS-2808.mp4
on edge, https://media.signbsl.com/videos/asl/youtube/mp4/YVdmHi6sAcU.mp4
one dimensional, https://media.signbsl.com/videos/asl/youtube/mp4/7V6cqwsKSTE.mp4
one dollar, https://media.signbsl.com/videos/asl/aslsearch/mp4/one-dollar.mp4
one eighth, https://media.signbsl.com/videos/asl/aslsearch/mp4/one-eighth.mp4
one fourth, https://media.signbsl.com/videos/asl/tsdvideo/mp4/27.mp4
one half, https://media.signbsl.com/videos/asl/signlanguagestudent/mp4/half%20(alternate).mp4
one hundred, https://media.signbsl.com/videos/asl/aslsignbank/mp4/HUNDRED-1756.mp4
one hundred dollars, https://media.signbsl.com/videos/asl/aslsearch/mp4/one-hundred-dollars.mp4
one hundred ten, https://media.signbsl.com/videos/asl/aslsearch/mp4/1-10.mp4
Oneida, https://media.signbsl.com/videos/asl/uploads/mp4/user_upload601724bae12e80.35700508.mp4
one is better than the other, https://media.signbsl.com/videos/asl/youtube/mp4/vCmzf2xUmrw.mp4
one knee on ground, https://media.signbsl.com/videos/asl/youtube/mp4/qOfZ9-qJBMM.mp4
one left, https://media.signbsl.com/videos/asl/aslsearch/mp4/last2.mp4
one man rule, https://player.vimeo.com/external/392541606.sd.mp4?s=1b3a2da28dbc0126def9f3efaab34660701135c4&profile_id=164
one million dollars, https://media.signbsl.com/videos/asl/mariekatzenbachschool/mp4/one%20million%20dollars.mp4
one millionth, https://media.signbsl.com/videos/asl/tsdvideo/mp4/480.mp4
one moment, https://media.signbsl.com/videos/asl/aslsearch/mp4/one-moment.mp4
one moment please, https://media.signbsl.com/videos/asl/mariekatzenbachschool/mp4/One%20moment%20please.mp4
oneness, https://media.signbsl.com/videos/asl/valleybible/mp4/unity.mp4
one oclock, https://media.signbsl.com/videos/asl/youtube/mp4/TMdWu5qwjC8.mp4
one on one, https://media.signbsl.com/videos/asl/youtube/mp4/FSVHFgSbTXk.mp4
one piece swimsuit, https://player.vimeo.com/external/392693815.sd.mp4?s=b65a04217cc7914659c56d600c919cfb0a37d3f5&profile_id=164
one point, https://media.signbsl.com/videos/asl/youtube/mp4/wHshoRFERnQ.mp4
onerous, https://media.signbsl.com/videos/asl/youtube/mp4/1gZ37TACjws.mp4
ones, https://media.signbsl.com/videos/asl/aslsignbank/mp4/ONE-519.mp4
one sided, https://media.signbsl.com/videos/asl/youtube/mp4/94QX-S0V6wA.mp4
ones place, https://media.signbsl.com/videos/asl/tsdvideo/mp4/382.mp4
one third, https://media.signbsl.com/videos/asl/aslsearch/mp4/one-third.mp4
one thousand, https://media.signbsl.com/videos/asl/aslsignbank/mp4/ONE-THOUSAND-2683.mp4
one thousand dollars, https://media.signbsl.com/videos/asl/mariekatzenbachschool/mp4/one%20thousand%20dollars.mp4
one thousandth, https://media.signbsl.com/videos/asl/tsdvideo/mp4/1129.mp4
one time, https://media.signbsl.com/videos/asl/youtube/mp4/FL_vd-m4uBA.mp4
one to one function, https://media.signbsl.com/videos/asl/youtube/mp4/d5bM-cCIq2E.mp4
one up, https://media.signbsl.com/videos/asl/youtube/mp4/sGHRC2d-CEY.mp4
one week, https://media.signbsl.com/videos/asl/youtube/mp4/CvhHO4KHNKs.mp4
one year, NA
one year old, https://media.signbsl.com/videos/asl/aslsearch/mp4/one-year-old.mp4
onion, https://media.signbsl.com/videos/asl/startasl/mp4/onion.mp4
on its head, https://media.signbsl.com/videos/asl/youtube/mp4/Z1JHGV1Yo7g.mp4
on land, https://media.signbsl.com/videos/asl/youtube/mp4/VgiUQEmXN8g.mp4
on left wall, https://media.signbsl.com/videos/asl/startasl/mp4/on-left-wall.mp4
online, NA
online shopping, https://media.signbsl.com/videos/asl/startasl/mp4/online-shopping.mp4
onlooker, https://media.signbsl.com/videos/asl/youtube/mp4/44YAxYTCccE.mp4
only, https://media.signbsl.com/videos/asl/aslsignbank/mp4/ALONE-2065.mp4
Only Begotten Son, https://media.signbsl.com/videos/asl/signlanguagestudent/mp4/Only%20Begotten%20Son.mp4
only shook her head at him, https://media.signbsl.com/videos/asl/youtube/mp4/nOx4ocmafyw.mp4
on no account, https://media.signbsl.com/videos/asl/youtube/mp4/F1mZoY8FcxA.mp4
on occasion, https://media.signbsl.com/videos/asl/aslsearch/mp4/once-in-a-while.mp4
on right wall, https://media.signbsl.com/videos/asl/startasl/mp4/on-right-wall.mp4
onrush, https://media.signbsl.com/videos/asl/aslsignbank/mp4/CAPTURE-767.mp4
onset, https://media.signbsl.com/videos/asl/aslsignbank/mp4/CAPTURE-767.mp4
onslaught, https://media.signbsl.com/videos/asl/aslsignbank/mp4/CAPTURE-767.mp4
on standby, https://media.signbsl.com/videos/asl/youtube/mp4/Zf-AxD8moIM.mp4
on the face of it, https://media.signbsl.com/videos/asl/aslsignbank/mp4/SEEM-1012.mp4
on the look out for, https://media.signbsl.com/videos/asl/youtube/mp4/N8I_Yix46EE.mp4
on the quiet, https://player.vimeo.com/external/395755756.sd.mp4?s=80582e1677da0f8f2bb87c43d35e4bc769e9f356&profile_id=164
on the spot, https://media.signbsl.com/videos/asl/youtube/mp4/D3rCkIeuek4.mp4
on time, https://media.signbsl.com/videos/asl/aslsearch/mp4/on-time.mp4
onto, https://media.signbsl.com/videos/asl/youtube/mp4/SUnTtU1ilZ4.mp4
ontogenesis, https://media.signbsl.com/videos/asl/valleybible/mp4/growth.mp4
ontogeny, https://media.signbsl.com/videos/asl/valleybible/mp4/growth.mp4
onto land, https://media.signbsl.com/videos/asl/youtube/mp4/VgiUQEmXN8g.mp4
ontology, https://media.signbsl.com/videos/asl/philosophy/mp4/Ontology-HD.mp4
onus, https://media.signbsl.com/videos/asl/youtube/mp4/3IG_Ya9W4G4.mp4
onward, https://media.signbsl.com/videos/asl/youtube/mp4/WESWWswSPZo.mp4
onwards, https://media.signbsl.com/videos/asl/youtube/mp4/WESWWswSPZo.mp4
oo, https://media.signbsl.com/videos/asl/aslsearch/mp4/oo.mp4
oodles, https://media.signbsl.com/videos/asl/aslsignbank/mp4/AUDIENCE-2081.mp4
ooh, https://media.signbsl.com/videos/asl/youtube/mp4/2obH3JCgP_0.mp4
oomph, https://media.signbsl.com/videos/asl/youtube/mp4/QYFxcXcq0O4.mp4
ooo, https://media.signbsl.com/videos/asl/youtube/mp4/88_C4wmh0_k.mp4
ooze, https://player.vimeo.com/external/392034312.sd.mp4?s=50d7f740b7b0e0e085fe5fac2ac00c2e06ec7bf8&profile_id=164
ooze out, https://player.vimeo.com/external/392034312.sd.mp4?s=50d7f740b7b0e0e085fe5fac2ac00c2e06ec7bf8&profile_id=164
op, https://media.signbsl.com/videos/asl/youtube/mp4/5869_3Klizo.mp4
opacity, https://media.signbsl.com/videos/asl/youtube/mp4/-5I2YVye__k.mp4
opalescence, https://media.signbsl.com/videos/asl/youtube/mp4/9z4HIQlWiKM.mp4
opaque, https://media.signbsl.com/videos/asl/elementalaslconcepts/mp4/opaque.mp4
opaqueness, https://media.signbsl.com/videos/asl/youtube/mp4/-5I2YVye__k.mp4
open, https://media.signbsl.com/videos/asl/startasl/mp4/open.mp4
open a book, https://media.signbsl.com/videos/asl/youtube/mp4/ELEqMR1xr2g.mp4
open a door, https://media.signbsl.com/videos/asl/aslsignbank/mp4/OPEN-DOOR-1539.mp4
open a drawer, https://media.signbsl.com/videos/asl/youtube/mp4/y2LZHisGNDc.mp4
open a jar, https://media.signbsl.com/videos/asl/youtube/mp4/I2fSkEmPdHE.mp4
open and close, https://media.signbsl.com/videos/asl/youtube/mp4/IsuShEGOZVA.mp4
open arms, https://media.signbsl.com/videos/asl/youtube/mp4/u5Op-y3FTIE.mp4
open a soda can, https://media.signbsl.com/videos/asl/youtube/mp4/plNftBAUkOQ.mp4
open a window, https://media.signbsl.com/videos/asl/aslsignbank/mp4/OPEN-WINDOW-1537.mp4
open book, https://media.signbsl.com/videos/asl/youtube/mp4/JuqIUtGwDNw.mp4
open chest, https://media.signbsl.com/videos/asl/youtube/mp4/UkR-4QiKHlg.mp4
open door, https://media.signbsl.com/videos/asl/youtube/mp4/h-yYRlNpZAY.mp4
opened, https://media.signbsl.com/videos/asl/youtube/mp4/o1nyvDyRi24.mp4
open eyed, https://media.signbsl.com/videos/asl/youtube/mp4/z7YuUQZkBzI.mp4
open figure, https://media.signbsl.com/videos/asl/youtube/mp4/qYE82BHJFAg.mp4
open fireplace, https://media.signbsl.com/videos/asl/startasl/mp4/fireplace.mp4
openhanded, https://media.signbsl.com/videos/asl/aslsearch/mp4/liberal.mp4
openhandedness, https://media.signbsl.com/videos/asl/youtube/mp4/gsZvoKDjMNc.mp4
opening, https://media.signbsl.com/videos/asl/aslsearch/mp4/gap.mp4
open minded, https://media.signbsl.com/videos/asl/youtube/mp4/5uWfFNI4Q8s.mp4
open mouth, https://media.signbsl.com/videos/asl/youtube/mp4/o1nyvDyRi24.mp4
open mouthed, NA
open root joint, https://media.signbsl.com/videos/asl/AustinCommunityCollege/mp4/weld_open_root_joint_.mp4
open sentence, https://media.signbsl.com/videos/asl/youtube/mp4/_CagxBSCFcM.mp4
open the door, https://media.signbsl.com/videos/asl/aslsearch/mp4/open-the-door.mp4
open the window, https://media.signbsl.com/videos/asl/aslsearch/mp4/open-the-window.mp4
open up, https://media.signbsl.com/videos/asl/startasl/mp4/open.mp4
open window, https://media.signbsl.com/videos/asl/youtube/mp4/_6aPbQkH7eI.mp4
open with can opener, https://media.signbsl.com/videos/asl/youtube/mp4/PZJqSBjKsX8.mp4
opera, https://player.vimeo.com/external/392384127.sd.mp4?s=fbe29dec26f6be1133a8399e1038815afcfbe09f&profile_id=164
operable, https://media.signbsl.com/videos/asl/youtube/mp4/tRpEnwo9_X8.mp4
opera glasses, https://media.signbsl.com/videos/asl/aslsignbank/mp4/BINOCULARS-2445.mp4
operate, https://media.signbsl.com/videos/asl/youtube/mp4/_EAwzbDy_ko.mp4
operate on, https://media.signbsl.com/videos/asl/youtube/mp4/T8hNTYbjnfs.mp4
operate run, https://player.vimeo.com/external/392384143.sd.mp4?s=2e2f17956e551a1853a03b53a8bb418e647c11d4&profile_id=164
operate surgery, https://player.vimeo.com/external/392384152.sd.mp4?s=9a2ff7588b0c51cce177f5ca17641b7bae3ffea9&profile_id=164
operating conditions, https://media.signbsl.com/videos/asl/AustinCommunityCollege/mp4/elec_operating_conditions_.mp4
operating instructions, https://media.signbsl.com/videos/asl/youtube/mp4/9JIX-Ee1Grw.mp4
operating surgeon, https://media.signbsl.com/videos/asl/startasl/mp4/surgeon.mp4
operating system, https://media.signbsl.com/videos/asl/deaftec/mp4/1025.mp4
operation, https://media.signbsl.com/videos/asl/startasl/mp4/surgery.mp4
operational, https://media.signbsl.com/videos/asl/youtube/mp4/5kU0VHZQMnY.mp4
operator, https://media.signbsl.com/videos/asl/aslsearch/mp4/operator.mp4
ophidian, https://media.signbsl.com/videos/asl/startasl/mp4/snake.mp4
ophthalmologist, https://media.signbsl.com/videos/asl/youtube/mp4/mv9tEa8WEhY.mp4
ophthalmology, https://media.signbsl.com/videos/asl/youtube/mp4/q00WnMs7j_M.mp4
opine, https://media.signbsl.com/videos/asl/aslsearch/mp4/guess.mp4
opinion, https://media.signbsl.com/videos/asl/aslsignbank/mp4/OPINION-1536.mp4
opossum, https://media.signbsl.com/videos/asl/youtube/mp4/b-eM0-I4olY.mp4
opponent, https://media.signbsl.com/videos/asl/signlanguagestudent/mp4/adversary.mp4
opportune, https://media.signbsl.com/videos/asl/youtube/mp4/Hd1DmNL4t-0.mp4
opportunism, https://media.signbsl.com/videos/asl/youtube/mp4/jTj6iVnQ4Qw.mp4
opportunist, https://media.signbsl.com/videos/asl/youtube/mp4/lLvWDFxzzqs.mp4
opportunity, https://media.signbsl.com/videos/asl/aslsignbank/mp4/OPPORTUNITY-1534.mp4
opportunity cost, https://media.signbsl.com/videos/asl/elementalaslconcepts/mp4/opportunity_costs.mp4
opposable, https://media.signbsl.com/videos/asl/youtube/mp4/OWnjsgEwIoM.mp4
oppose, https://player.vimeo.com/external/392125916.sd.mp4?s=a0fbe26470e767e23571fe6e78d1c234e8b025d6&profile_id=164
opposer, https://media.signbsl.com/videos/asl/signlanguagestudent/mp4/adversary.mp4
opposite, https://media.signbsl.com/videos/asl/tsdvideo/mp4/554.mp4
opposite number, https://media.signbsl.com/videos/asl/youtube/mp4/ppr33rj0-9s.mp4
opposite rays, https://media.signbsl.com/videos/asl/youtube/mp4/vI3gwOEivIA.mp4
opposites, https://media.signbsl.com/videos/asl/tsdvideo/mp4/554.mp4
opposite vectors, https://media.signbsl.com/videos/asl/youtube/mp4/i0n6Io2FB08.mp4
opposite word, https://media.signbsl.com/videos/asl/elementalaslconcepts/mp4/antonym.mp4
opposition, https://media.signbsl.com/videos/asl/elementalaslconcepts/mp4/resistance.mp4
oppress, https://media.signbsl.com/videos/asl/aslsignbank/mp4/OPPRESS-2312.mp4
oppression, https://media.signbsl.com/videos/asl/startasl/mp4/oppression.mp4
opprobrious, https://media.signbsl.com/videos/asl/youtube/mp4/fWOLGeOfeys.mp4
opt, https://media.signbsl.com/videos/asl/youtube/mp4/HLdoJ-Fjmu0.mp4
optic, https://media.signbsl.com/videos/asl/aslsearch/mp4/eye.mp4
optical, https://media.signbsl.com/videos/asl/aslsignbank/mp4/VISION-1397.mp4
optical lens, https://player.vimeo.com/external/391388546.sd.mp4?s=855f300973933831736193000ac437dcfef0bd89&profile_id=164
optical maser, https://media.signbsl.com/videos/asl/youtube/mp4/uJYw9yue8WA.mp4
optical prism, https://media.signbsl.com/videos/asl/tsdvideo/mp4/497.mp4
optic disc, https://player.vimeo.com/external/391205070.sd.mp4?s=62a8aadee02218500e40ff239689b9cdfacbb57e&profile_id=164
optic disk, https://player.vimeo.com/external/391205070.sd.mp4?s=62a8aadee02218500e40ff239689b9cdfacbb57e&profile_id=164
optima, https://media.signbsl.com/videos/asl/youtube/mp4/OMmhnkAwyPo.mp4
optimise, https://media.signbsl.com/videos/asl/youtube/mp4/jRV3DX9e2dU.mp4
optimism, https://media.signbsl.com/videos/asl/aslsignbank/mp4/POSITIVE-918.mp4
optimist, https://media.signbsl.com/videos/asl/youtube/mp4/Tl5fwutugrE.mp4
optimistic, https://player.vimeo.com/external/392384256.sd.mp4?s=72503664ab41f09ce977a25854635dbaa5df3e5e&profile_id=164
optimize, https://media.signbsl.com/videos/asl/youtube/mp4/jRV3DX9e2dU.mp4
option, https://media.signbsl.com/videos/asl/aslsearch/mp4/alternative.mp4
optometrist, https://media.signbsl.com/videos/asl/youtube/mp4/mv9tEa8WEhY.mp4
optometry, https://media.signbsl.com/videos/asl/youtube/mp4/L35-Xz_nEis.mp4
opt out, https://media.signbsl.com/videos/asl/youtube/mp4/7hdrbWMfLgs.mp4
opulence, https://media.signbsl.com/videos/asl/youtube/mp4/-DprPBsEZjg.mp4
opulent, https://player.vimeo.com/external/392280586.sd.mp4?s=6c174e17ef38e2ac200c1d56f715b95dd72d928c&profile_id=164
or, https://media.signbsl.com/videos/asl/aslsearch/mp4/or.mp4
oracle, https://media.signbsl.com/videos/asl/signlanguagestudent/mp4/prophet%20(alternate).mp4
orad, https://media.signbsl.com/videos/asl/youtube/mp4/uENC4Zsdfug.mp4
oral, https://player.vimeo.com/external/392384410.sd.mp4?s=bd733646dbaac9abf79fa44ed84581ecf488479e&profile_id=164
oral cavity, https://media.signbsl.com/videos/asl/aslsearch/mp4/mouth.mp4
oralcentric, https://player.vimeo.com/external/392384428.sd.mp4?s=3b535a0888ae5987eb881905d411ea379847cd82&profile_id=164
oral communication, https://media.signbsl.com/videos/asl/valleybible/mp4/speech.mp4
oral fissure, https://media.signbsl.com/videos/asl/aslsearch/mp4/mouth.mp4
oral herpes, https://player.vimeo.com/external/391391563.sd.mp4?s=8f8cdb38fd9d64604e3675ad16b61ea04601cc5a&profile_id=164
oralism, https://player.vimeo.com/external/392384442.sd.mp4?s=1f6354f0251a4585ffef278a650b31d8a6a1d0d8&profile_id=164
orally, https://media.signbsl.com/videos/asl/aslsignbank/mp4/TAKE-ORALLY-1163.mp4
oral tradition, https://player.vimeo.com/external/392384295.sd.mp4?s=48faede85723012309bee89f4478c3641e76561b&profile_id=164
orange, https://media.signbsl.com/videos/asl/startasl/mp4/orange.mp4
orange juice, https://player.vimeo.com/external/392384455.sd.mp4?s=569970232d1d18ae678f8803fc5b3ecbca7f1fdd&profile_id=164
orange tree, https://media.signbsl.com/videos/asl/startasl/mp4/orange.mp4
orate, https://media.signbsl.com/videos/asl/youtube/mp4/7ec7kizrfyk.mp4
orator, https://media.signbsl.com/videos/asl/youtube/mp4/0VYvgf6SoPQ.mp4
oratorio, https://media.signbsl.com/videos/asl/youtube/mp4/3FTxYcjOw3o.mp4
orb, https://player.vimeo.com/external/392043925.sd.mp4?s=d4e7f1507cd643cb5c127ab484158ebb0f78a58e&profile_id=164
orbit, https://media.signbsl.com/videos/asl/aslsearch/mp4/orbit.mp4
orbiter, https://media.signbsl.com/videos/asl/aslsearch/mp4/satellite.mp4
orbits, https://media.signbsl.com/videos/asl/aslsearch/mp4/orbit.mp4
orchard, https://media.signbsl.com/videos/asl/aslsearch/mp4/orchard.mp4
orchestra, https://player.vimeo.com/external/392693865.sd.mp4?s=34bf8fec1f96a0005cbafffae27247c02e14e2d6&profile_id=164
ordain, https://media.signbsl.com/videos/asl/signlanguagestudent/mp4/ordain.mp4
ordeal, https://media.signbsl.com/videos/asl/youtube/mp4/osXHigVziX4.mp4
order, https://media.signbsl.com/videos/asl/aslsignbank/mp4/ORDER-1530.mp4
ordered pair, https://media.signbsl.com/videos/asl/tsdvideo/mp4/298a.mp4
ordered series, https://media.signbsl.com/videos/asl/aslsearch/mp4/scale.mp4
ordered triple, https://media.signbsl.com/videos/asl/youtube/mp4/EEaXW-CKD-Q.mp4
ordering, https://media.signbsl.com/videos/asl/aslsignbank/mp4/ORDER_1-1020.mp4
orderliness, https://media.signbsl.com/videos/asl/youtube/mp4/t0LtYxnUpNY.mp4
order of business, https://player.vimeo.com/external/391153100.sd.mp4?s=b9a862cdf0c068444ca260164296cc25f9b97eb8&profile_id=164
order of magnitude, https://media.signbsl.com/videos/asl/youtube/mp4/xgljc4r5RjA.mp4
order sequence, https://player.vimeo.com/external/392384527.sd.mp4?s=053a6a0786c40b3295a48df3c91601a86a06e02b&profile_id=164
ordinal, https://media.signbsl.com/videos/asl/aslsignbank/mp4/SECOND-1008.mp4
ordinal number, https://media.signbsl.com/videos/asl/aslsignbank/mp4/SECOND-1008.mp4
ordinance, https://media.signbsl.com/videos/asl/signlanguagestudent/mp4/ordinance.mp4
Ordinances of the Gospel, https://media.signbsl.com/videos/asl/ids/mp4/2013-11-3370-ordinances-of-the-gospel-1500k-ase.mp4
ordinarily, https://media.signbsl.com/videos/asl/youtube/mp4/qa-eI25U23s.mp4
ordinary, https://player.vimeo.com/external/392384559.sd.mp4?s=247eb6faaa02289b07ca3e6c40b46910c8263b19&profile_id=164
ordinate, https://media.signbsl.com/videos/asl/youtube/mp4/X38WndKkINk.mp4
ordination, https://media.signbsl.com/videos/asl/aslsignbank/mp4/ORDER_1-1020.mp4
Ordination of the Priesthood, https://media.signbsl.com/videos/asl/ids/mp4/2013-11-3390-ordination-of-the-priesthood-1500k-ase.mp4
ordnance, https://media.signbsl.com/videos/asl/youtube/mp4/blCgoH7MyEg.mp4
ore, https://media.signbsl.com/videos/asl/youtube/mp4/uRUbXR2gxuk.mp4
Oregon, https://media.signbsl.com/videos/asl/youtube/mp4/zwT9-O3UiB4.mp4
oregon trail, https://media.signbsl.com/videos/asl/elementalaslconcepts/mp4/oregon_trail.mp4
or else, https://media.signbsl.com/videos/asl/aslsearch/mp4/instead.mp4
organ, https://media.signbsl.com/videos/asl/aslsearch/mp4/organ.mp4
organelle, https://media.signbsl.com/videos/asl/youtube/mp4/WwfXrd7CGAA.mp4
organic, https://media.signbsl.com/videos/asl/elementalaslconcepts/mp4/organism.mp4
organic law, https://media.signbsl.com/videos/asl/aslsearch/mp4/constitution.mp4
organic structure, https://media.signbsl.com/videos/asl/aslsignbank/mp4/BODY-788.mp4
organisation, https://media.signbsl.com/videos/asl/aslsignbank/mp4/ORGANIZATION-1529.mp4
organise, https://media.signbsl.com/videos/asl/youtube/mp4/iRPBDXmJAzQ.mp4
organiser, https://media.signbsl.com/videos/asl/youtube/mp4/5b92WaM3Vmk.mp4
organism, https://media.signbsl.com/videos/asl/deaftec/mp4/1406.mp4
organization, https://media.signbsl.com/videos/asl/aslsignbank/mp4/ORGANIZATION-1529.mp4
organization an organization, https://media.signbsl.com/videos/asl/signlanguagestudent/mp4/organization%20(an%20organization).mp4
organization initialized, https://media.signbsl.com/videos/asl/signlanguagestudent/mp4/organization%20(initialized).mp4
Organization of American States, https://media.signbsl.com/videos/asl/youtube/mp4/1SVTcMThRFs.mp4
organization preparedness, https://media.signbsl.com/videos/asl/signlanguagestudent/mp4/organization%20(preparedness).mp4
organize, https://media.signbsl.com/videos/asl/youtube/mp4/iRPBDXmJAzQ.mp4
organized, https://media.signbsl.com/videos/asl/startasl/mp4/organized.mp4
organize plan, https://player.vimeo.com/external/392385358.sd.mp4?s=2434a6314d9735052593e9d06b4765dea9f7c9eb&profile_id=164
organizer, https://media.signbsl.com/videos/asl/youtube/mp4/5b92WaM3Vmk.mp4
orgiastic, https://media.signbsl.com/videos/asl/youtube/mp4/13uNh6GpOeY.mp4
orgy, https://media.signbsl.com/videos/asl/youtube/mp4/ieO7kFDFEsk.mp4
orient, https://media.signbsl.com/videos/asl/youtube/mp4/uGhA09-cRj8.mp4
oriental, https://media.signbsl.com/videos/asl/youtube/mp4/n0mpw-JcPRQ.mp4
orientating, https://media.signbsl.com/videos/asl/youtube/mp4/Z-FkTrZ7WcM.mp4
orientation, https://player.vimeo.com/external/392385384.sd.mp4?s=c65423b09bcc32b047debfc39082d4a6617e1e6d&profile_id=164
orientation week, https://player.vimeo.com/external/392385374.sd.mp4?s=d66e8c52031a205806edad486e7db9fad4088af7&profile_id=164
orienting, https://media.signbsl.com/videos/asl/youtube/mp4/Z-FkTrZ7WcM.mp4
origin, https://media.signbsl.com/videos/asl/aslsearch/mp4/origin.mp4
original, https://player.vimeo.com/external/392385412.sd.mp4?s=4616e369804cf259b02356cc258ddf04efe89f24&profile_id=164
originally, https://media.signbsl.com/videos/asl/youtube/mp4/BFQDpQbrIfA.mp4
original sin, https://media.signbsl.com/videos/asl/handsofgrace/mp4/L5-13BCKnnY.mp4
originate, https://media.signbsl.com/videos/asl/aslsearch/mp4/arise.mp4
originative, https://media.signbsl.com/videos/asl/aslsignbank/mp4/CREATE-1188.mp4
origin graph, https://media.signbsl.com/videos/asl/youtube/mp4/DdDVPZNfiYk.mp4
orison, https://media.signbsl.com/videos/asl/youtube/mp4/8ERNSWs-cPI.mp4
orlando florida, https://player.vimeo.com/external/392385430.sd.mp4?s=c7276f4d5a6e42e167f4778cf13fac556f98195c&profile_id=164
ornament, https://media.signbsl.com/videos/asl/aslsignbank/mp4/DECORATE-1227.mp4
ornamental, https://media.signbsl.com/videos/asl/youtube/mp4/6wWC7VDdJMY.mp4
ornaments, https://media.signbsl.com/videos/asl/aslsignbank/mp4/DECORATE-1227.mp4
ornerier, https://media.signbsl.com/videos/asl/youtube/mp4/ClL1SUt9LsA.mp4
ornery, https://media.signbsl.com/videos/asl/youtube/mp4/ARkL-1Sbc6s.mp4
ornithological, https://media.signbsl.com/videos/asl/youtube/mp4/3jTyb8maLNU.mp4
ornithologist, https://media.signbsl.com/videos/asl/youtube/mp4/oYyFScwyJOE.mp4
Ornithorhynchus anatinus, https://player.vimeo.com/external/392416049.sd.mp4?s=ccb49134b266f3092b17571c7b37e345e6c40268&profile_id=164
orogeny, https://media.signbsl.com/videos/asl/youtube/mp4/T3AZdoiKh44.mp4
orphan, https://player.vimeo.com/external/392385453.sd.mp4?s=8fac81c62af82762c74a37574eb8b9d34d3d1982&profile_id=164
orphanage, https://media.signbsl.com/videos/asl/youtube/mp4/HiBj5kYca5Y.mp4
orphans' asylum, https://media.signbsl.com/videos/asl/youtube/mp4/HiBj5kYca5Y.mp4
orphans asylum, https://media.signbsl.com/videos/asl/youtube/mp4/HiBj5kYca5Y.mp4
orphic, https://media.signbsl.com/videos/asl/youtube/mp4/PLZPeiapx_E.mp4
or so, https://media.signbsl.com/videos/asl/aslsignbank/mp4/APPROXIMATE-636.mp4
orthocenter, https://media.signbsl.com/videos/asl/youtube/mp4/WV4YWNLcs88.mp4
orthodontia, https://media.signbsl.com/videos/asl/youtube/mp4/BNXzZ0p2vkk.mp4
orthodontics, https://media.signbsl.com/videos/asl/youtube/mp4/BNXzZ0p2vkk.mp4
orthodontist, https://media.signbsl.com/videos/asl/youtube/mp4/LPMvUlwqUtk.mp4
orthodonture, https://media.signbsl.com/videos/asl/youtube/mp4/BNXzZ0p2vkk.mp4
orthodox, https://media.signbsl.com/videos/asl/youtube/mp4/ErEzy6FJN4s.mp4
orthoepy, https://media.signbsl.com/videos/asl/elementalaslconcepts/mp4/pronunciation.mp4
orthogonal drawing, https://media.signbsl.com/videos/asl/youtube/mp4/VwakhqnWQNI.mp4
orthographic, https://media.signbsl.com/videos/asl/youtube/mp4/uQR2YQ3JG_w.mp4
orthopaedic, https://media.signbsl.com/videos/asl/youtube/mp4/fz8CkKigA3c.mp4
orthopaedist, https://media.signbsl.com/videos/asl/youtube/mp4/Aqq6C4RVLu0.mp4
orthopedic, https://media.signbsl.com/videos/asl/youtube/mp4/fz8CkKigA3c.mp4
orthopedical, https://media.signbsl.com/videos/asl/youtube/mp4/fz8CkKigA3c.mp4
orthopedist, https://media.signbsl.com/videos/asl/youtube/mp4/Aqq6C4RVLu0.mp4
orthoscopic, https://media.signbsl.com/videos/asl/youtube/mp4/QZgH3drTZTE.mp4
os, https://media.signbsl.com/videos/asl/aslsignbank/mp4/BONE-362.mp4
Osaka, https://media.signbsl.com/videos/asl/youtube/mp4/-K-WljSp0hY.mp4
oscillate, https://media.signbsl.com/videos/asl/youtube/mp4/OEMfYnQM8sU.mp4
oscilloscope, https://media.signbsl.com/videos/asl/AustinCommunityCollege/mp4/elec_oscilloscope_.mp4
oscitant, https://media.signbsl.com/videos/asl/aslsearch/mp4/drowsy.mp4
osculate, https://media.signbsl.com/videos/asl/startasl/mp4/kiss.mp4
osculation, https://media.signbsl.com/videos/asl/aslsearch/mp4/kiss.mp4
osculator, https://media.signbsl.com/videos/asl/youtube/mp4/uDW8LhVCBTc.mp4
osmosis, https://media.signbsl.com/videos/asl/youtube/mp4/cLCUT_LfPQY.mp4
ossification, https://media.signbsl.com/videos/asl/youtube/mp4/k8Wsbuh81I4.mp4
ostensible, https://media.signbsl.com/videos/asl/youtube/mp4/F_9iM4UeYlY.mp4
ostensibly, https://media.signbsl.com/videos/asl/aslsignbank/mp4/SEEM-1012.mp4
ostensive, https://media.signbsl.com/videos/asl/youtube/mp4/F_9iM4UeYlY.mp4
ostentate, https://player.vimeo.com/external/392128360.sd.mp4?s=ef42898b126bd3f01a13e27cc8b40478c38b6d95&profile_id=164
ostentatious, https://player.vimeo.com/external/392419095.sd.mp4?s=0a963d5f889f6547a03745c5f14995c314f26573&profile_id=164
osteocyte, https://media.signbsl.com/videos/asl/youtube/mp4/ZzXy6zR0VnM.mp4
ostiary, https://media.signbsl.com/videos/asl/youtube/mp4/W2QiXe302Zk.mp4
ostler, https://media.signbsl.com/videos/asl/youtube/mp4/wXaRoyFArh0.mp4
ostracise, https://media.signbsl.com/videos/asl/signlanguagestudent/mp4/cast%20out.mp4
ostracize, https://media.signbsl.com/videos/asl/signlanguagestudent/mp4/cast%20out.mp4
os trapezoideum, https://media.signbsl.com/videos/asl/youtube/mp4/h_QveHQr_eg.mp4
ostrich, https://media.signbsl.com/videos/asl/aslsearch/mp4/ostrich.mp4
otalgia, https://media.signbsl.com/videos/asl/youtube/mp4/4XQBGPvA6PM.mp4
other, https://media.signbsl.com/videos/asl/aslsearch/mp4/additional.mp4
otherwise, https://media.signbsl.com/videos/asl/youtube/mp4/QT5Z8en50E0.mp4
otherworldly, https://media.signbsl.com/videos/asl/youtube/mp4/6e-s7KRhaVc.mp4
otiose, https://player.vimeo.com/external/392199499.sd.mp4?s=a0af72b8a62bc40793656539a344e4d71fa6b697&profile_id=164
otter, https://media.signbsl.com/videos/asl/youtube/mp4/_7_d7VNWXl0.mp4
ouch, https://media.signbsl.com/videos/asl/aslsignbank/mp4/i(ow)-1806.mp4
ouch for an injured nose only, https://media.signbsl.com/videos/asl/aslsearch/mp4/ouch.mp4
ought, https://media.signbsl.com/videos/asl/youtube/mp4/GGorGwOcDLY.mp4
ounce, https://media.signbsl.com/videos/asl/tsdvideo/mp4/248.mp4
our, https://media.signbsl.com/videos/asl/aslsignbank/mp4/OUR-206.mp4
ours, https://media.signbsl.com/videos/asl/elementalaslconcepts/mp4/ours.mp4
ourself, https://media.signbsl.com/videos/asl/aslsearch/mp4/ourself.mp4
ourselves, https://media.signbsl.com/videos/asl/youtube/mp4/r-35Vm-osYQ.mp4
oust, https://media.signbsl.com/videos/asl/youtube/mp4/Jo3FgMabrUQ.mp4
out, https://media.signbsl.com/videos/asl/startasl/mp4/out.mp4
outage, https://media.signbsl.com/videos/asl/youtube/mp4/bzS5VOF8gno.mp4
outbreak, https://media.signbsl.com/videos/asl/youtube/mp4/VY4tRLtVjec.mp4
outburst, https://player.vimeo.com/external/392161165.sd.mp4?s=bfba9dde2353dd46be440e35d0f1eabdc4f0881a&profile_id=164
out came the sun, https://media.signbsl.com/videos/asl/youtube/mp4/qnoFlNR2xyg.mp4
outcast, https://media.signbsl.com/videos/asl/youtube/mp4/VP60dFMeaoQ.mp4
outcome, https://media.signbsl.com/videos/asl/aslsignbank/mp4/RESULT-970.mp4
outcry, https://media.signbsl.com/videos/asl/aslsignbank/mp4/SHOUT-598.mp4
outdo, https://media.signbsl.com/videos/asl/youtube/mp4/4JAwPgpq8bw.mp4
outdoors, https://media.signbsl.com/videos/asl/startasl/mp4/outside.mp4
outer, https://media.signbsl.com/videos/asl/youtube/mp4/t8-14STgIHc.mp4
outer boundary, https://media.signbsl.com/videos/asl/youtube/mp4/cTsVelc74iE.mp4
Outer Darkness, https://media.signbsl.com/videos/asl/ids/mp4/2013-11-3400-outer-darkness-1500k-ase.mp4
outer space, https://media.signbsl.com/videos/asl/aslsearch/mp4/outer-space.mp4
outfield, https://media.signbsl.com/videos/asl/youtube/mp4/8TISQHTQeHI.mp4
outfielder, https://media.signbsl.com/videos/asl/youtube/mp4/Y5EP0Hiv2RY.mp4
outfit, https://media.signbsl.com/videos/asl/youtube/mp4/AIuxtxbSTSE.mp4
outer space, https://media.signbsl.com/videos/asl/aslsearch/mp4/outer-space.mp4
outfield, https://media.signbsl.com/videos/asl/youtube/mp4/8TISQHTQeHI.mp4
outfielder, https://media.signbsl.com/videos/asl/youtube/mp4/Y5EP0Hiv2RY.mp4
outfit, https://media.signbsl.com/videos/asl/youtube/mp4/AIuxtxbSTSE.mp4
outfitter, https://media.signbsl.com/videos/asl/youtube/mp4/LBohc8-hdog.mp4
outfox, https://media.signbsl.com/videos/asl/youtube/mp4/t9LAkkB_OrU.mp4
outgo, https://media.signbsl.com/videos/asl/youtube/mp4/4JAwPgpq8bw.mp4
outgoer, https://media.signbsl.com/videos/asl/youtube/mp4/lkUQ2cXxuIA.mp4
outgoing, https://media.signbsl.com/videos/asl/youtube/mp4/ElI3wwgawww.mp4
outgrew, https://media.signbsl.com/videos/asl/youtube/mp4/ytFwA7OhSuY.mp4
outgrowth, https://media.signbsl.com/videos/asl/youtube/mp4/8LFTSz_PWGY.mp4
outing, https://media.signbsl.com/videos/asl/aslsearch/mp4/excursion.mp4
outlander, https://media.signbsl.com/videos/asl/aslsignbank/mp4/FOREIGNER-2919.mp4
outlandish, https://media.signbsl.com/videos/asl/aslsearch/mp4/bizarre.mp4
outlaw, https://media.signbsl.com/videos/asl/aslsignbank/mp4/FRAUD-2923.mp4
outlet, https://media.signbsl.com/videos/asl/mariekatzenbachschool/mp4/outlet.mp4
outlier, https://media.signbsl.com/videos/asl/tsdvideo/mp4/555.mp4
outline, https://media.signbsl.com/videos/asl/aslsignbank/mp4/ROUGH-985.mp4
outlook, https://media.signbsl.com/videos/asl/youtube/mp4/PoYF8CCs1Cg.mp4
out loud, https://media.signbsl.com/videos/asl/youtube/mp4/8DVMLiXV5iE.mp4
outmatch, https://media.signbsl.com/videos/asl/youtube/mp4/4JAwPgpq8bw.mp4
out migration, https://media.signbsl.com/videos/asl/elementalaslconcepts/mp4/emigration.mp4
outmoded, https://media.signbsl.com/videos/asl/aslsearch/mp4/antique.mp4
out of bounds, https://media.signbsl.com/videos/asl/aslbricks/mp4/out%20of%20bounds.mp4
out of breath, NA
out of discussion, https://media.signbsl.com/videos/asl/youtube/mp4/PUDYSczkC5k.mp4
out of doors, https://media.signbsl.com/videos/asl/startasl/mp4/outside.mp4
out of mri, https://media.signbsl.com/videos/asl/youtube/mp4/0QmXXMIDoKs.mp4
out of practice, https://media.signbsl.com/videos/asl/youtube/mp4/ljAIuJDw-Ic.mp4
out of reach, https://media.signbsl.com/videos/asl/youtube/mp4/SmK-C1oEC6c.mp4
out of shape, https://player.vimeo.com/external/392694055.sd.mp4?s=1f14e450d79ecd738f550a3dcee4c2cbe648fd0c&profile_id=164
out of the blue, https://media.signbsl.com/videos/asl/youtube/mp4/fNjuMhPPxrA.mp4
out of the question, https://player.vimeo.com/external/392549830.sd.mp4?s=f35dd0d4f38139f527295da66e4b631fd62ad5c4&profile_id=164
out of work, https://media.signbsl.com/videos/asl/youtube/mp4/NoCR4kgRC6Q.mp4
outperform, https://media.signbsl.com/videos/asl/youtube/mp4/4JAwPgpq8bw.mp4
out phase, https://media.signbsl.com/videos/asl/youtube/mp4/mBrCy97VXM8.mp4
outpouring, https://media.signbsl.com/videos/asl/youtube/mp4/D3xsqoimKEg.mp4
output, https://media.signbsl.com/videos/asl/mariekatzenbachschool/mp4/output.mp4
outrage, https://media.signbsl.com/videos/asl/unoclimb/mp4/VPfSCSj0G7Y.mp4
outraged, https://player.vimeo.com/external/392199182.sd.mp4?s=da69a8a41f434832af1761ae215330c176c30bd3&profile_id=164
outrageous, https://media.signbsl.com/videos/asl/youtube/mp4/Oq07Y8YdFwo.mp4
outrageousness, https://media.signbsl.com/videos/asl/youtube/mp4/Ufj-A6RdkmQ.mp4
outrank, https://media.signbsl.com/videos/asl/youtube/mp4/as2dzKsijQM.mp4
outre, https://media.signbsl.com/videos/asl/aslsearch/mp4/bizarre.mp4
outreach, https://media.signbsl.com/videos/asl/youtube/mp4/D2P6ybSrfk0.mp4
outright, https://media.signbsl.com/videos/asl/youtube/mp4/wQurjKnrSS4.mp4
outside, https://media.signbsl.com/videos/asl/startasl/mp4/outside.mp4
outsize, https://media.signbsl.com/videos/asl/youtube/mp4/EWp9AMLRl1A.mp4
outskirt, https://media.signbsl.com/videos/asl/youtube/mp4/TiwASi3igoc.mp4
outsmart, https://media.signbsl.com/videos/asl/youtube/mp4/t9LAkkB_OrU.mp4
outspoken, https://media.signbsl.com/videos/asl/aslsignbank/mp4/STRAIGHT-821.mp4
outstanding, https://media.signbsl.com/videos/asl/youtube/mp4/hfBI5gA3qJ4.mp4
outstay, https://media.signbsl.com/videos/asl/youtube/mp4/L6Y1AZu9vCY.mp4
outstrip, https://media.signbsl.com/videos/asl/youtube/mp4/4JAwPgpq8bw.mp4
out to, NA
out traveling, https://media.signbsl.com/videos/asl/youtube/mp4/3Ymg42coogU.mp4
outwash, https://media.signbsl.com/videos/asl/youtube/mp4/iLjfr_TbNu8.mp4
outwear, https://media.signbsl.com/videos/asl/youtube/mp4/gMJdTeTsY3Q.mp4
outwit, https://media.signbsl.com/videos/asl/youtube/mp4/t9LAkkB_OrU.mp4
oval, https://media.signbsl.com/videos/asl/tsdvideo/mp4/1494.mp4
ovarian, https://media.signbsl.com/videos/asl/youtube/mp4/xd9Pg9orQwc.mp4
ovary, https://player.vimeo.com/external/392867812.sd.mp4?s=8d0f39483a0d936077010ff032e23c1aa568c087&profile_id=164
ovation, https://player.vimeo.com/external/392749916.sd.mp4?s=87730decdb7aee8d4256f881b870ea85cea16983&profile_id=164
oven, https://media.signbsl.com/videos/asl/startasl/mp4/oven.mp4
over, https://media.signbsl.com/videos/asl/tsdvideo/mp4/1184.mp4
overabundance, https://media.signbsl.com/videos/asl/youtube/mp4/jsTb4jVCed4.mp4
overabundant, https://media.signbsl.com/videos/asl/youtube/mp4/MOe1y_xin_Y.mp4
overachieve, https://media.signbsl.com/videos/asl/youtube/mp4/h4xKizrM0Lc.mp4
overachiever, https://media.signbsl.com/videos/asl/youtube/mp4/0h-vROPiZxk.mp4
overact, https://media.signbsl.com/videos/asl/youtube/mp4/JuLhPFE-dqU.mp4
overactive, https://media.signbsl.com/videos/asl/youtube/mp4/1GhaNtH181o.mp4
over again, https://media.signbsl.com/videos/asl/startasl/mp4/again.mp4
overall, https://media.signbsl.com/videos/asl/aslsearch/mp4/overalls.mp4
overalls, https://media.signbsl.com/videos/asl/aslsearch/mp4/overalls.mp4
overambitious, https://media.signbsl.com/videos/asl/youtube/mp4/3fM0OiCuk14.mp4
over and over, https://media.signbsl.com/videos/asl/aslsignbank/mp4/INDOCTRINATE-1736.mp4
over and over again, https://media.signbsl.com/videos/asl/aslsignbank/mp4/INDOCTRINATE-1736.mp4
overarm, https://media.signbsl.com/videos/asl/youtube/mp4/8l7ei_YEdRs.mp4
overate, https://media.signbsl.com/videos/asl/youtube/mp4/n7Xz2THm5AY.mp4
overbear, https://media.signbsl.com/videos/asl/youtube/mp4/yWEleVp4udo.mp4
overbid, https://media.signbsl.com/videos/asl/youtube/mp4/BpZmFMsQH4M.mp4
overblown, https://media.signbsl.com/videos/asl/youtube/mp4/axegvKsZG2E.mp4
overboard, https://media.signbsl.com/videos/asl/youtube/mp4/5crAQO0pgQM.mp4
overbold, https://player.vimeo.com/external/392195057.sd.mp4?s=0ab621937c502a1478a8b46ef785e8f033a47c0b&profile_id=164
overbook, https://media.signbsl.com/videos/asl/youtube/mp4/Bu1iCzMSsUU.mp4
overbought, https://media.signbsl.com/videos/asl/youtube/mp4/IuoWXsbu0fk.mp4
overburden, https://media.signbsl.com/videos/asl/youtube/mp4/DiG4M1PKwAs.mp4
overcall, https://media.signbsl.com/videos/asl/youtube/mp4/BpZmFMsQH4M.mp4
overcame, https://media.signbsl.com/videos/asl/youtube/mp4/2Cnbh4Wd8nk.mp4
overcapacity, https://media.signbsl.com/videos/asl/youtube/mp4/D-hdZRhllLs.mp4
overcareful, https://media.signbsl.com/videos/asl/youtube/mp4/aTbqzXqhx4g.mp4
overcast, https://media.signbsl.com/videos/asl/youtube/mp4/s2FrKqrbp_A.mp4
overcharge, https://media.signbsl.com/videos/asl/aslsearch/mp4/overcharge.mp4
overcloud, https://media.signbsl.com/videos/asl/youtube/mp4/Eod4QCuB-Vg.mp4
overcoat, https://media.signbsl.com/videos/asl/aslsignbank/mp4/OVERCOAT-2251.mp4
overcome, https://media.signbsl.com/videos/asl/aslsearch/mp4/defeat.mp4
overcompensate, https://media.signbsl.com/videos/asl/youtube/mp4/lLKnQoOAUb8.mp4
overconfidence, https://media.signbsl.com/videos/asl/youtube/mp4/VUHp_3EvpSs.mp4
overcook, https://media.signbsl.com/videos/asl/youtube/mp4/6L0FfmOObyo.mp4
over correct, https://media.signbsl.com/videos/asl/youtube/mp4/lLKnQoOAUb8.mp4
overcritical, https://media.signbsl.com/videos/asl/youtube/mp4/Et2zB90_Lyw.mp4
overcrossing, https://media.signbsl.com/videos/asl/youtube/mp4/iJUMLykUpCc.mp4
overcrowd, https://media.signbsl.com/videos/asl/youtube/mp4/qXGr3jF-CwY.mp4
overdid, https://media.signbsl.com/videos/asl/youtube/mp4/RoiXnkG5ZFA.mp4
overdose, https://media.signbsl.com/videos/asl/aslsearch/mp4/overdose.mp4
overdraft, https://media.signbsl.com/videos/asl/youtube/mp4/mW5RuCeqUN0.mp4
overdraw, https://media.signbsl.com/videos/asl/aslsearch/mp4/exaggerate.mp4
overdrawn, https://media.signbsl.com/videos/asl/tsdvideo/mp4/1518.mp4
overdress, https://media.signbsl.com/videos/asl/aslsearch/mp4/dress-up.mp4
overdrive, https://media.signbsl.com/videos/asl/youtube/mp4/Eqp4EcKAzns.mp4
overdue, https://media.signbsl.com/videos/asl/youtube/mp4/lNSPWkGt_bQ.mp4
overeat, https://media.signbsl.com/videos/asl/youtube/mp4/EnExJmA5Af4.mp4
overemphasis, https://media.signbsl.com/videos/asl/youtube/mp4/-uPxN8be93o.mp4
overestimate, https://media.signbsl.com/videos/asl/youtube/mp4/vb4xHkeGFQ4.mp4
overexcite, https://media.signbsl.com/videos/asl/youtube/mp4/ZYrPM4ofJtI.mp4
overexert, https://media.signbsl.com/videos/asl/youtube/mp4/wDcryrGvIfY.mp4
overexploitation, https://media.signbsl.com/videos/asl/youtube/mp4/9UrQe6M7ag4.mp4
overexpose, https://media.signbsl.com/videos/asl/youtube/mp4/U027b0PEETA.mp4
overextend, https://media.signbsl.com/videos/asl/youtube/mp4/uQAOGbVM17o.mp4
overfatigue, https://media.signbsl.com/videos/asl/youtube/mp4/uowi3-iMBKA.mp4
overfish, https://media.signbsl.com/videos/asl/youtube/mp4/PWJ7xZJARP8.mp4
overflew, https://media.signbsl.com/videos/asl/youtube/mp4/9bKYEvszVbs.mp4
overflow, https://media.signbsl.com/videos/asl/aslsearch/mp4/overflow.mp4
overflowing, https://player.vimeo.com/external/391178424.sd.mp4?s=76a5363c0fcbc00ed00401c1907c340d70c95e9d&profile_id=164
overgeneralise, https://media.signbsl.com/videos/asl/youtube/mp4/QmcgCIObDIU.mp4
overgeneralize, https://media.signbsl.com/videos/asl/youtube/mp4/QmcgCIObDIU.mp4
overgenerous, https://media.signbsl.com/videos/asl/youtube/mp4/L_7FX5Ryl7Y.mp4
overgorge, https://media.signbsl.com/videos/asl/youtube/mp4/EnExJmA5Af4.mp4
overgrew, https://media.signbsl.com/videos/asl/youtube/mp4/pI9xSZqLk1I.mp4
overhand, https://media.signbsl.com/videos/asl/youtube/mp4/8l7ei_YEdRs.mp4
overhanded, https://media.signbsl.com/videos/asl/youtube/mp4/8l7ei_YEdRs.mp4
overhang, https://media.signbsl.com/videos/asl/youtube/mp4/9XNnmDwhoHU.mp4
overhasty, https://media.signbsl.com/videos/asl/youtube/mp4/ev7Rnq4CX-I.mp4
overhaul, https://media.signbsl.com/videos/asl/youtube/mp4/LElqeFQUWBk.mp4
overhead, https://media.signbsl.com/videos/asl/youtube/mp4/le5mJW2F4Lo.mp4
overhead projector, https://media.signbsl.com/videos/asl/aslsearch/mp4/overhead-projector.mp4
overhear, https://media.signbsl.com/videos/asl/youtube/mp4/-kHDwtNELmQ.mp4
overheat, https://media.signbsl.com/videos/asl/youtube/mp4/eaRjZwGc2w0.mp4
overindulge, https://media.signbsl.com/videos/asl/youtube/mp4/EnExJmA5Af4.mp4
over it, https://media.signbsl.com/videos/asl/aslsignbank/mp4/OVER-IT-2897.mp4
overjoy, https://media.signbsl.com/videos/asl/youtube/mp4/6EsIcYZS768.mp4
overkill, https://media.signbsl.com/videos/asl/youtube/mp4/WjRMG0BCNfA.mp4
overladen, https://media.signbsl.com/videos/asl/youtube/mp4/Z2puve9r204.mp4
overlaid, https://media.signbsl.com/videos/asl/youtube/mp4/YQk38DXlfDE.mp4
overland, https://media.signbsl.com/videos/asl/youtube/mp4/tXqlCtYr0gI.mp4
overlap, https://media.signbsl.com/videos/asl/aslsearch/mp4/overlap.mp4
overlarge, https://media.signbsl.com/videos/asl/youtube/mp4/UdmPdS911gs.mp4
overload, https://media.signbsl.com/videos/asl/youtube/mp4/5OnufGdfyDc.mp4
overloaded, https://media.signbsl.com/videos/asl/youtube/mp4/Z2puve9r204.mp4
overlong, https://media.signbsl.com/videos/asl/youtube/mp4/jpgVlCR4VFg.mp4
overlook, https://media.signbsl.com/videos/asl/youtube/mp4/Myq4iq2A4dU.mp4
overlord, https://media.signbsl.com/videos/asl/youtube/mp4/XOQqRfPhMWM.mp4
overly, https://media.signbsl.com/videos/asl/youtube/mp4/RLRJPCQNU6Q.mp4
overmanned, https://media.signbsl.com/videos/asl/youtube/mp4/E1Q3F3rS2WY.mp4
overmaster, https://media.signbsl.com/videos/asl/youtube/mp4/3ahp54QoeP0.mp4
overmatch, https://media.signbsl.com/videos/asl/youtube/mp4/lzvYva4wDBM.mp4
overmodest, https://media.signbsl.com/videos/asl/youtube/mp4/gxIWprVepd8.mp4
overmuch, https://media.signbsl.com/videos/asl/youtube/mp4/jsTb4jVCed4.mp4
overmuchness, https://media.signbsl.com/videos/asl/youtube/mp4/jsTb4jVCed4.mp4
overnice, https://media.signbsl.com/videos/asl/youtube/mp4/Kk1oM7q_N88.mp4
overnight, https://media.signbsl.com/videos/asl/youtube/mp4/zEAF1sSls7M.mp4
overoptimistic, https://media.signbsl.com/videos/asl/youtube/mp4/OEEIdbz0KE4.mp4
overpaid, https://media.signbsl.com/videos/asl/youtube/mp4/xBM1jGt0ZX0.mp4
overpass, https://media.signbsl.com/videos/asl/youtube/mp4/89saRBZPxqg.mp4
overplay, https://media.signbsl.com/videos/asl/youtube/mp4/JuLhPFE-dqU.mp4
overpopulate, https://media.signbsl.com/videos/asl/youtube/mp4/1UW0LCSWQ0I.mp4
overpower, https://media.signbsl.com/videos/asl/youtube/mp4/3ahp54QoeP0.mp4
overpowered, https://media.signbsl.com/videos/asl/youtube/mp4/3kpZOGWcI_s.mp4
overpowering, https://media.signbsl.com/videos/asl/youtube/mp4/K3OI_fh3Oqg.mp4
overpraise, https://media.signbsl.com/videos/asl/youtube/mp4/zwDxSSqCz7A.mp4
overpressure, https://media.signbsl.com/videos/asl/youtube/mp4/iCnwEon3r1k.mp4
overprice, https://media.signbsl.com/videos/asl/youtube/mp4/q5rx8P0bn2o.mp4
overprint, https://media.signbsl.com/videos/asl/youtube/mp4/uGi2KkA1UpI.mp4
overproduce, https://media.signbsl.com/videos/asl/youtube/mp4/ulfXh8AT6ic.mp4
overprotect, https://media.signbsl.com/videos/asl/youtube/mp4/3-xwO9UxZPE.mp4
overqualified, https://media.signbsl.com/videos/asl/youtube/mp4/kCw9-fyfJ1A.mp4
overran, https://media.signbsl.com/videos/asl/youtube/mp4/IkH88utuK_U.mp4
overrate, https://media.signbsl.com/videos/asl/youtube/mp4/vb4xHkeGFQ4.mp4
overreach, https://media.signbsl.com/videos/asl/youtube/mp4/xCtvnrG-D4o.mp4
overreact, https://media.signbsl.com/videos/asl/youtube/mp4/pYA3kku-taM.mp4
overridden, https://media.signbsl.com/videos/asl/youtube/mp4/BLqOUC95DlY.mp4
override, https://media.signbsl.com/videos/asl/youtube/mp4/LadHR8-Nrfg.mp4
overriding, https://media.signbsl.com/videos/asl/youtube/mp4/1a18haJgvsk.mp4
overripe, https://media.signbsl.com/videos/asl/youtube/mp4/fPsr1mFAFTo.mp4
overrule, https://media.signbsl.com/videos/asl/youtube/mp4/LadHR8-Nrfg.mp4
overrun, https://media.signbsl.com/videos/asl/aslsearch/mp4/overflow.mp4
oversea, https://media.signbsl.com/videos/asl/youtube/mp4/7-6f0Tyc55k.mp4
overseas, https://media.signbsl.com/videos/asl/youtube/mp4/7-6f0Tyc55k.mp4
overseer, https://media.signbsl.com/videos/asl/elementalaslconcepts/mp4/overseer.mp4
oversensitive, https://media.signbsl.com/videos/asl/youtube/mp4/gPMEkWUB-Lw.mp4
oversexed, https://media.signbsl.com/videos/asl/youtube/mp4/1N4u6qGr6yY.mp4
overshadow, https://media.signbsl.com/videos/asl/thefamilyvocab/mp4/shadow.mp4
overshoot, https://media.signbsl.com/videos/asl/youtube/mp4/yQNhO1T3oa4.mp4
oversight, https://media.signbsl.com/videos/asl/aslsearch/mp4/lapse.mp4
oversimple, https://media.signbsl.com/videos/asl/youtube/mp4/H8Yn3Q36OM0.mp4
oversleep, https://media.signbsl.com/videos/asl/youtube/mp4/Udj66C5Rngc.mp4
overspecialise, https://media.signbsl.com/videos/asl/youtube/mp4/2IEz_t4Udr4.mp4
overspecialize, https://media.signbsl.com/videos/asl/youtube/mp4/2IEz_t4Udr4.mp4
overspill, https://media.signbsl.com/videos/asl/youtube/mp4/WDEbI2-xxsg.mp4
overstaff, https://media.signbsl.com/videos/asl/youtube/mp4/xgJM4kJC95w.mp4
overstate, https://media.signbsl.com/videos/asl/aslsearch/mp4/exaggerate.mp4
overstay, https://media.signbsl.com/videos/asl/youtube/mp4/L6Y1AZu9vCY.mp4
overstep, https://media.signbsl.com/videos/asl/youtube/mp4/gDMONWZgrPg.mp4
overstimulate, https://media.signbsl.com/videos/asl/youtube/mp4/XQ4AsmadLr8.mp4
overstock, https://media.signbsl.com/videos/asl/youtube/mp4/wqgs7Yrb6NU.mp4
overstrain, https://media.signbsl.com/videos/asl/youtube/mp4/uQAOGbVM17o.mp4
overstretch, https://media.signbsl.com/videos/asl/youtube/mp4/G_8I7zEFYH0.mp4
overstrict, https://media.signbsl.com/videos/asl/youtube/mp4/L-sTOgyBtj8.mp4
overstrung, https://media.signbsl.com/videos/asl/youtube/mp4/tAz2v9Oqpg4.mp4
oversubtle, https://media.signbsl.com/videos/asl/youtube/mp4/OJcyZwroaKI.mp4
oversupplied, https://media.signbsl.com/videos/asl/youtube/mp4/f9zRpa81_aE.mp4
oversuspicious, https://media.signbsl.com/videos/asl/youtube/mp4/WqOrgnmNUhE.mp4
overtake, https://media.signbsl.com/videos/asl/youtube/mp4/_Z5NzJHH0uw.mp4
overtax, https://media.signbsl.com/videos/asl/youtube/mp4/AmwoXnk11IA.mp4
over there, https://media.signbsl.com/videos/asl/aslsearch/mp4/over-there.mp4
overthrew, https://media.signbsl.com/videos/asl/youtube/mp4/hBzkD2nb_MU.mp4
overthrow, https://media.signbsl.com/videos/asl/youtube/mp4/LadHR8-Nrfg.mp4
overtire, https://media.signbsl.com/videos/asl/youtube/mp4/uowi3-iMBKA.mp4
overtone, https://media.signbsl.com/videos/asl/youtube/mp4/d43fxZr7ZI8.mp4
overture, https://media.signbsl.com/videos/asl/youtube/mp4/nJApfks9UuM.mp4
overturn, https://media.signbsl.com/videos/asl/aslsearch/mp4/annul.mp4
overuse, https://media.signbsl.com/videos/asl/youtube/mp4/9UrQe6M7ag4.mp4
overutilisation, https://media.signbsl.com/videos/asl/youtube/mp4/9UrQe6M7ag4.mp4
overutilization, https://media.signbsl.com/videos/asl/youtube/mp4/9UrQe6M7ag4.mp4
overvaluation, https://media.signbsl.com/videos/asl/youtube/mp4/wQdPB3cc9Ps.mp4
overview, https://media.signbsl.com/videos/asl/youtube/mp4/tfcV4E8Alto.mp4
overweary, https://media.signbsl.com/videos/asl/youtube/mp4/uowi3-iMBKA.mp4
overweight, https://media.signbsl.com/videos/asl/youtube/mp4/LalHh07WU-4.mp4
overwhelm, https://media.signbsl.com/videos/asl/aslsignbank/mp4/DROWN-2749.mp4
overwhelmed, https://media.signbsl.com/videos/asl/youtube/mp4/3kpZOGWcI_s.mp4
overwhelming, https://media.signbsl.com/videos/asl/youtube/mp4/K3OI_fh3Oqg.mp4
overwinter, https://media.signbsl.com/videos/asl/youtube/mp4/iPwoB_cooU0.mp4
overwork, https://media.signbsl.com/videos/asl/youtube/mp4/ne4GMDPiSdQ.mp4
overwrite, https://media.signbsl.com/videos/asl/youtube/mp4/LtrG8U1Asbw.mp4
overwrought, https://media.signbsl.com/videos/asl/youtube/mp4/UtPwVLFGoWM.mp4
overzealous, https://media.signbsl.com/videos/asl/youtube/mp4/3kAYoYjhsC4.mp4
oviduct, https://media.signbsl.com/videos/asl/youtube/mp4/oGaODea9gck.mp4
oviparous, https://media.signbsl.com/videos/asl/youtube/mp4/COjKuZ2SlqY.mp4
Ovis canadensis, https://media.signbsl.com/videos/asl/youtube/mp4/201SV0UoxWs.mp4
ovulate, https://media.signbsl.com/videos/asl/youtube/mp4/czsHx4OBsfQ.mp4
owe, https://media.signbsl.com/videos/asl/startasl/mp4/owe.mp4
owed, https://media.signbsl.com/videos/asl/aslsearch/mp4/due.mp4
owl, https://media.signbsl.com/videos/asl/aslsearch/mp4/owl.mp4
owlet, https://media.signbsl.com/videos/asl/youtube/mp4/JIOsE7UikJk.mp4
owlish, https://media.signbsl.com/videos/asl/youtube/mp4/mXcvKovW0vg.mp4
own, https://media.signbsl.com/videos/asl/aslsearch/mp4/own2.mp4
owner, https://media.signbsl.com/videos/asl/youtube/mp4/szQ73yeS424.mp4
ownerless, https://media.signbsl.com/videos/asl/youtube/mp4/XYjNDOMxXgA.mp4
oxen, https://media.signbsl.com/videos/asl/aslsearch/mp4/cattle.mp4
oxidant, https://media.signbsl.com/videos/asl/youtube/mp4/byaID1VJhWw.mp4
oxidation, https://media.signbsl.com/videos/asl/deaftec/mp4/1407.mp4
oxidisation, https://media.signbsl.com/videos/asl/deaftec/mp4/1407.mp4
oxidiser, https://media.signbsl.com/videos/asl/youtube/mp4/byaID1VJhWw.mp4
oxidization, https://media.signbsl.com/videos/asl/deaftec/mp4/1407.mp4
oxidizer, https://media.signbsl.com/videos/asl/youtube/mp4/byaID1VJhWw.mp4
oxidizing agent, https://media.signbsl.com/videos/asl/youtube/mp4/byaID1VJhWw.mp4
oxygen, https://media.signbsl.com/videos/asl/aslsearch/mp4/oxygen.mp4
oxygenate, https://media.signbsl.com/videos/asl/youtube/mp4/MlOrJnmGhN0.mp4
oxygenise, https://media.signbsl.com/videos/asl/youtube/mp4/MlOrJnmGhN0.mp4
oxygenize, https://media.signbsl.com/videos/asl/youtube/mp4/MlOrJnmGhN0.mp4
oxymora, https://media.signbsl.com/videos/asl/youtube/mp4/pqsogJam60Q.mp4
oyster, https://media.signbsl.com/videos/asl/aslsearch/mp4/oyster.mp4
ozone, https://media.signbsl.com/videos/asl/youtube/mp4/0CTmsLqVxj4.mp4
