W, https://media.signbsl.com/videos/asl/aslsignbank/mp4/LETTER-W-1655.mp4
waardenburg syndrome, https://media.signbsl.com/videos/asl/youtube/mp4/tIrZoVBqpaE.mp4
wack, https://media.signbsl.com/videos/asl/youtube/mp4/O2o8i3nMzrM.mp4
wackily, https://media.signbsl.com/videos/asl/youtube/mp4/YAy2iV0JQBc.mp4
wacko, https://media.signbsl.com/videos/asl/youtube/mp4/1LE3h0bzu64.mp4
wacky, https://media.signbsl.com/videos/asl/startasl/mp4/nuts.mp4
wad, https://media.signbsl.com/videos/asl/aslsearch/mp4/lot.mp4
waddle, https://player.vimeo.com/external/392522700.sd.mp4?s=2f372d1be7a044e4007848cb03f6debdd3480b2b&profile_id=164
wade, https://media.signbsl.com/videos/asl/aslsearch/mp4/wade.mp4
wads, https://media.signbsl.com/videos/asl/aslsignbank/mp4/AUDIENCE-2081.mp4
waffle, https://media.signbsl.com/videos/asl/youtube/mp4/KNFBTKN57yM.mp4
waft, https://media.signbsl.com/videos/asl/youtube/mp4/r0F7q6NEBgw.mp4
wag, https://media.signbsl.com/videos/asl/aslsearch/mp4/wag.mp4
wage, https://media.signbsl.com/videos/asl/aslsearch/mp4/salary.mp4
wage earner, https://media.signbsl.com/videos/asl/youtube/mp4/OELALQS-i0g.mp4
wage earning, https://player.vimeo.com/external/391206430.sd.mp4?s=f58c378ed8390a841fc16325459c2b597f0c3f60&profile_id=164
wager, https://media.signbsl.com/videos/asl/aslsignbank/mp4/BET-2953.mp4
wagerer, https://media.signbsl.com/videos/asl/youtube/mp4/J4vzNXlpkM0.mp4
waggle, https://media.signbsl.com/videos/asl/aslsearch/mp4/wag.mp4
waggon, https://media.signbsl.com/videos/asl/youtube/mp4/CZNjhkhAQCs.mp4
wagon, https://media.signbsl.com/videos/asl/aslsearch/mp4/wagon.mp4
Wahvey, https://media.signbsl.com/videos/asl/ids/mp4/2013-11-2520-jehovah-1500k-ase.mp4
wail, https://media.signbsl.com/videos/asl/youtube/mp4/-9NnOAR2kqw.mp4
wailer, https://media.signbsl.com/videos/asl/youtube/mp4/5rkSMRW9OyY.mp4
waist, https://media.signbsl.com/videos/asl/youtube/mp4/scqfnUp01Pc.mp4
waistband, https://media.signbsl.com/videos/asl/aslsearch/mp4/sash.mp4
waistcloth, https://media.signbsl.com/videos/asl/aslsearch/mp4/sash.mp4
waistcoat, https://media.signbsl.com/videos/asl/youtube/mp4/GXQVcNv9Emc.mp4
waistline, https://media.signbsl.com/videos/asl/youtube/mp4/scqfnUp01Pc.mp4
wait, https://media.signbsl.com/videos/asl/startasl/mp4/wait.mp4
wait a second, https://media.signbsl.com/videos/asl/aslsearch/mp4/wait-a-second.mp4
waiter, https://media.signbsl.com/videos/asl/aslsearch/mp4/server.mp4
waiter's assistant, https://player.vimeo.com/external/392649310.sd.mp4?s=801a921b48efd05e1f6ed00ba26ea8debbbca4a7&profile_id=164
waiter/waitress, https://media.signbsl.com/videos/asl/startasl/mp4/waiter.mp4
waiters assistant, https://player.vimeo.com/external/392649310.sd.mp4?s=801a921b48efd05e1f6ed00ba26ea8debbbca4a7&profile_id=164
waiter waitress, https://media.signbsl.com/videos/asl/startasl/mp4/waiter.mp4
wait for a long time, https://media.signbsl.com/videos/asl/youtube/mp4/U7zmTIOCdDI.mp4
waiting, https://media.signbsl.com/videos/asl/signlanguagestudent/mp4/waiting.mp4
wait on, https://media.signbsl.com/videos/asl/aslsignbank/mp4/SERVE-1021.mp4
waitress, https://player.vimeo.com/external/392757894.sd.mp4?s=403edf707de2df7cbce43eb38e5372971dba7c56&profile_id=164
waive, https://media.signbsl.com/videos/asl/youtube/mp4/_N-PF5OKtFk.mp4
waiver, https://media.signbsl.com/videos/asl/youtube/mp4/D8LQ3cgylhQ.mp4
wake, https://media.signbsl.com/videos/asl/startasl/mp4/wake-up.mp4
wakeful, https://media.signbsl.com/videos/asl/youtube/mp4/z7YuUQZkBzI.mp4
waken, https://media.signbsl.com/videos/asl/startasl/mp4/wake-up.mp4
wake up, https://media.signbsl.com/videos/asl/startasl/mp4/wake-up.mp4
wale, https://media.signbsl.com/videos/asl/youtube/mp4/I200t1TLTG4.mp4
Wales, https://media.signbsl.com/videos/asl/youtube/mp4/ZfAGF2eSPuc.mp4
walk, https://media.signbsl.com/videos/asl/startasl/mp4/walk.mp4
walk (classifier), https://media.signbsl.com/videos/asl/aslsignbank/mp4/FEET-WALK-315.mp4
walkabout, https://media.signbsl.com/videos/asl/youtube/mp4/gRjDv-eFDDg.mp4
walk about, https://media.signbsl.com/videos/asl/youtube/mp4/gRjDv-eFDDg.mp4
walk around, https://media.signbsl.com/videos/asl/youtube/mp4/1S5iq1rMPfg.mp4
walkaway, https://media.signbsl.com/videos/asl/youtube/mp4/RWXftblzl6I.mp4
walk away from me, https://media.signbsl.com/videos/asl/youtube/mp4/vXrg25nhuqQ.mp4
walk casually, https://media.signbsl.com/videos/asl/youtube/mp4/XQVQZ4Kk-Mc.mp4
walk classifier, https://media.signbsl.com/videos/asl/aslsignbank/mp4/FEET-WALK-315.mp4
walker, https://media.signbsl.com/videos/asl/youtube/mp4/t7pRg8Ztw4I.mp4
walkie talkie, https://player.vimeo.com/external/392757953.sd.mp4?s=322a0cfaadcfe1d910c1cf4a834107fd5742f6b4&profile_id=164
walking on air, https://media.signbsl.com/videos/asl/youtube/mp4/jvw2yCiIy_0.mp4
walk on, https://media.signbsl.com/videos/asl/youtube/mp4/mkwpTqkJEjI.mp4
Walk On Eggshells, https://player.vimeo.com/external/392757928.sd.mp4?s=743a786c74774f60b727194dd6a252ce23feb869&profile_id=164
walkover, https://media.signbsl.com/videos/asl/aslsignbank/mp4/TRITE-2362.mp4
walk somewhere, https://media.signbsl.com/videos/asl/youtube/mp4/vyVX5W2d-lI.mp4
walk up to, https://media.signbsl.com/videos/asl/youtube/mp4/viGgmibFJIg.mp4
walkway, https://media.signbsl.com/videos/asl/youtube/mp4/co2gvpJrXMI.mp4
walky talky, https://player.vimeo.com/external/392757953.sd.mp4?s=322a0cfaadcfe1d910c1cf4a834107fd5742f6b4&profile_id=164
wall, https://media.signbsl.com/videos/asl/startasl/mp4/wall.mp4
wallabies, https://media.signbsl.com/videos/asl/youtube/mp4/ihQ8tvpIYWY.mp4
wallaby, https://media.signbsl.com/videos/asl/youtube/mp4/ihQ8tvpIYWY.mp4
wallet, https://media.signbsl.com/videos/asl/aslsearch/mp4/wallet.mp4
wallflower, https://media.signbsl.com/videos/asl/youtube/mp4/XkAjP8si6jM.mp4
wallop, https://media.signbsl.com/videos/asl/aslsignbank/mp4/IMPACT-149.mp4
wallow, https://media.signbsl.com/videos/asl/youtube/mp4/-OqhTMKv_TQ.mp4
wall painting, https://media.signbsl.com/videos/asl/youtube/mp4/YFbBkl7c-bs.mp4
wallpaper, https://media.signbsl.com/videos/asl/aslsearch/mp4/wallpaper.mp4
wall plug, https://media.signbsl.com/videos/asl/mariekatzenbachschool/mp4/outlet.mp4
wall socket, https://media.signbsl.com/videos/asl/mariekatzenbachschool/mp4/outlet.mp4
walrus, https://media.signbsl.com/videos/asl/aslsearch/mp4/walrus.mp4
Walt Disney, https://media.signbsl.com/videos/asl/aslsignbank/mp4/DISNEY-2742.mp4
Walter Elias Disney, https://media.signbsl.com/videos/asl/aslsignbank/mp4/DISNEY-2742.mp4
waltz, https://media.signbsl.com/videos/asl/youtube/mp4/blADysLZb9c.mp4
wampum, https://media.signbsl.com/videos/asl/youtube/mp4/3WtmZlJ5YxA.mp4
wan, https://media.signbsl.com/videos/asl/youtube/mp4/DjlmxADrLD0.mp4
wand, https://media.signbsl.com/videos/asl/aslsearch/mp4/wand.mp4
wander, https://media.signbsl.com/videos/asl/youtube/mp4/z87dqQmd3Yw.mp4
wanderer, https://media.signbsl.com/videos/asl/youtube/mp4/SoUixoigOTY.mp4
wandering, https://media.signbsl.com/videos/asl/elementalaslconcepts/mp4/nomadic.mp4
wanderlust, https://media.signbsl.com/videos/asl/youtube/mp4/qEcX3kP6Py0.mp4
wane, https://media.signbsl.com/videos/asl/youtube/mp4/LRpocEokfEQ.mp4
wangle, https://media.signbsl.com/videos/asl/youtube/mp4/mnLVH6S86eE.mp4
wangler, https://media.signbsl.com/videos/asl/youtube/mp4/CPDeYj-9o2A.mp4
wank, https://media.signbsl.com/videos/asl/youtube/mp4/E3kNX5NOBw4.mp4
wannabe, https://player.vimeo.com/external/392681818.sd.mp4?s=f3b99ea71da99887c69daff33e99a09c2b744182&profile_id=164
wannabee, https://player.vimeo.com/external/392681818.sd.mp4?s=f3b99ea71da99887c69daff33e99a09c2b744182&profile_id=164
wanness, https://media.signbsl.com/videos/asl/youtube/mp4/CyWP5-vGPDs.mp4
want, https://media.signbsl.com/videos/asl/startasl/mp4/want.mp4
wanting, https://player.vimeo.com/external/391919332.sd.mp4?s=f1525584e8c1abf0c7f22b708cb79a59b78a1b70&profile_id=164
want it, https://media.signbsl.com/videos/asl/youtube/mp4/XErvExrIk7s.mp4
want more, https://media.signbsl.com/videos/asl/youtube/mp4/UHmcDmJ3M58.mp4
wanton, https://media.signbsl.com/videos/asl/youtube/mp4/vy6gvOEp5vw.mp4
wanton and willful, https://media.signbsl.com/videos/asl/unoclimb/mp4/SW3KbTMEE34.mp4
wanton away, https://media.signbsl.com/videos/asl/youtube/mp4/-ZsvMxAYAHo.mp4
wants, https://media.signbsl.com/videos/asl/startasl/mp4/want.mp4
war, https://media.signbsl.com/videos/asl/startasl/mp4/war.mp4
warble, https://media.signbsl.com/videos/asl/youtube/mp4/5e4bT3CyFQk.mp4
war cry, https://media.signbsl.com/videos/asl/youtube/mp4/r46exFPqLBs.mp4
ward, https://media.signbsl.com/videos/asl/ids/mp4/2013-11-5190-ward-1500k-ase.mp4
warden, https://media.signbsl.com/videos/asl/youtube/mp4/mVMVDHoY6bw.mp4
warder, https://media.signbsl.com/videos/asl/youtube/mp4/mVMVDHoY6bw.mp4
ward off, https://media.signbsl.com/videos/asl/youtube/mp4/IRLoe0ze1_E.mp4
wardrobe, https://media.signbsl.com/videos/asl/aslsignbank/mp4/PUSH-230.mp4
wardroom, https://media.signbsl.com/videos/asl/youtube/mp4/7Pi6AiUhTSY.mp4
ware, https://media.signbsl.com/videos/asl/youtube/mp4/V3r4NtxCiAA.mp4
wares, https://media.signbsl.com/videos/asl/signlanguagestudent/mp4/product.mp4
warfare, https://media.signbsl.com/videos/asl/startasl/mp4/war.mp4
war hawk, https://media.signbsl.com/videos/asl/youtube/mp4/EumksCaFWfo.mp4
warhorse, https://media.signbsl.com/videos/asl/youtube/mp4/0HHLbRUU4UQ.mp4
warily, https://media.signbsl.com/videos/asl/youtube/mp4/yB9yuCNJYuQ.mp4
warlike, https://media.signbsl.com/videos/asl/youtube/mp4/F4HyaX1dP_0.mp4
warlord, https://media.signbsl.com/videos/asl/youtube/mp4/k4F5zI4tJXU.mp4
warm, https://media.signbsl.com/videos/asl/startasl/mp4/warm.mp4
war machine, https://media.signbsl.com/videos/asl/youtube/mp4/smfJvlKtdpQ.mp4
warmblooded, NA
warmer, https://player.vimeo.com/external/392680756.sd.mp4?s=6d4b09070b7988bead21983aa95ea2343f4193fc&profile_id=164
warmheartedness, https://media.signbsl.com/videos/asl/aslsignbank/mp4/AFFECTION-2476.mp4
warmish, https://media.signbsl.com/videos/asl/youtube/mp4/SHUS5095p48.mp4
warmonger, https://media.signbsl.com/videos/asl/youtube/mp4/BSLFXD3RuBs.mp4
warm up, https://media.signbsl.com/videos/asl/youtube/mp4/ZE61HaZzzYE.mp4
warmup, https://media.signbsl.com/videos/asl/youtube/mp4/ZE61HaZzzYE.mp4
warn, https://media.signbsl.com/videos/asl/valleybible/mp4/Admonish.mp4
warning, https://media.signbsl.com/videos/asl/elementalaslconcepts/mp4/watch_see.mp4
warning light, https://player.vimeo.com/external/392757983.sd.mp4?s=883529eb4b268cd6217377faa707d691ae39dc31&profile_id=164
warp, https://media.signbsl.com/videos/asl/youtube/mp4/zxxGNhIjZ6U.mp4
war paint, https://media.signbsl.com/videos/asl/youtube/mp4/duwCBpRM5J4.mp4
warpath, https://media.signbsl.com/videos/asl/youtube/mp4/QkX3ppHYCds.mp4
warplane, https://media.signbsl.com/videos/asl/youtube/mp4/XaYbcFUt_eI.mp4
warrant, https://media.signbsl.com/videos/asl/youtube/mp4/vyhO5MVNA0I.mp4
warranter, https://media.signbsl.com/videos/asl/youtube/mp4/TIDbIfRJnqg.mp4
warrantor, https://media.signbsl.com/videos/asl/youtube/mp4/TIDbIfRJnqg.mp4
Warren, https://media.signbsl.com/videos/asl/youtube/mp4/lg_OOfuAdac.mp4
warrior, https://media.signbsl.com/videos/asl/youtube/mp4/LQSvuvw5sQM.mp4
warriorlike, https://media.signbsl.com/videos/asl/youtube/mp4/0zlQ08_HNVo.mp4
warship, https://media.signbsl.com/videos/asl/youtube/mp4/QUeiv9YjJZw.mp4
wart, https://media.signbsl.com/videos/asl/youtube/mp4/090V3kLCWV8.mp4
wartlike, https://media.signbsl.com/videos/asl/youtube/mp4/bBOg9Xu5xNg.mp4
War to End War, https://media.signbsl.com/videos/asl/elementalaslconcepts/mp4/world_war_i.mp4
warty, https://media.signbsl.com/videos/asl/youtube/mp4/bBOg9Xu5xNg.mp4
war vessel, https://media.signbsl.com/videos/asl/youtube/mp4/QUeiv9YjJZw.mp4
was, https://media.signbsl.com/videos/asl/signlanguagestudent/mp4/was.mp4
wasabi, https://media.signbsl.com/videos/asl/youtube/mp4/IRDV4NXK8CM.mp4
was english sign, https://media.signbsl.com/videos/asl/signlanguagestudent/mp4/was-english%20sign.mp4
wash, https://media.signbsl.com/videos/asl/startasl/mp4/laundry.mp4
washable, https://media.signbsl.com/videos/asl/youtube/mp4/LTUr99nptKM.mp4
washables, https://media.signbsl.com/videos/asl/startasl/mp4/laundry.mp4
wash ashore, https://media.signbsl.com/videos/asl/youtube/mp4/01guiN4D6B0.mp4
washbasin, https://media.signbsl.com/videos/asl/youtube/mp4/V0LgM7Ci4Co.mp4
wash body, https://media.signbsl.com/videos/asl/youtube/mp4/MTR5qYOd8bM.mp4
washbowl, https://media.signbsl.com/videos/asl/youtube/mp4/V0LgM7Ci4Co.mp4
wash clothes, https://media.signbsl.com/videos/asl/aslsearch/mp4/wash-clothes.mp4
wash dishes, https://player.vimeo.com/external/392758021.sd.mp4?s=947937703df99095dd58d8be8b56b34c54a76310&profile_id=164
washed out, https://media.signbsl.com/videos/asl/aslsignbank/mp4/WORN-OUT-1461.mp4
washer, https://media.signbsl.com/videos/asl/aslsearch/mp4/washer.mp4
washer dryer, https://media.signbsl.com/videos/asl/startasl/mp4/washer-dryer.mp4
washerman, https://media.signbsl.com/videos/asl/youtube/mp4/BdI4M7A57Vw.mp4
washerwoman, https://media.signbsl.com/videos/asl/youtube/mp4/XUm4x-nA98Y.mp4
wash face, https://media.signbsl.com/videos/asl/aslsignbank/mp4/WASH-FACE-1412.mp4
wash hair, https://media.signbsl.com/videos/asl/youtube/mp4/XJDXWgk32o4.mp4
wash hands, https://media.signbsl.com/videos/asl/aslsearch/mp4/wash-hands.mp4
washiness, https://media.signbsl.com/videos/asl/youtube/mp4/U0LKCcZX0lE.mp4
washing, https://media.signbsl.com/videos/asl/startasl/mp4/laundry.mp4
washing machine, https://media.signbsl.com/videos/asl/aslsearch/mp4/washer.mp4
Washington, https://media.signbsl.com/videos/asl/aslsignbank/mp4/WASHINGTON-2225.mp4
Washington D.C., https://media.signbsl.com/videos/asl/elementalaslconcepts/mp4/washington_d._c.mp4
washington dc, https://media.signbsl.com/videos/asl/elementalaslconcepts/mp4/washington_d._c.mp4
wash out, https://media.signbsl.com/videos/asl/youtube/mp4/Rm0mC5L6XgY.mp4
wash room, https://media.signbsl.com/videos/asl/aslsearch/mp4/restroom.mp4
washroom, https://media.signbsl.com/videos/asl/aslsearch/mp4/restroom.mp4
washstand, https://media.signbsl.com/videos/asl/youtube/mp4/V0LgM7Ci4Co.mp4
wash up, https://media.signbsl.com/videos/asl/youtube/mp4/DTi07J1BIsc.mp4
washup, https://media.signbsl.com/videos/asl/youtube/mp4/DTi07J1BIsc.mp4
washwoman, https://media.signbsl.com/videos/asl/youtube/mp4/XUm4x-nA98Y.mp4
wash your face, https://media.signbsl.com/videos/asl/youtube/mp4/6fuIKCcc3eM.mp4
wash your hands, https://media.signbsl.com/videos/asl/youtube/mp4/ANhRKleMaAI.mp4
wasnt, https://media.signbsl.com/videos/asl/youtube/mp4/XjOFZStqUZg.mp4
wasp, https://media.signbsl.com/videos/asl/aslsearch/mp4/wasp.mp4
wassail, https://media.signbsl.com/videos/asl/youtube/mp4/2ojD6eJjpAk.mp4
wassailer, https://media.signbsl.com/videos/asl/youtube/mp4/gQa0gnUzB-0.mp4
wassalam, https://media.signbsl.com/videos/asl/youtube/mp4/d2e3o5KcEYk.mp4
wastage, https://media.signbsl.com/videos/asl/youtube/mp4/HO8LDB3JoDo.mp4
waste, https://media.signbsl.com/videos/asl/aslsignbank/mp4/WASTE-820.mp4
waste basket, https://media.signbsl.com/videos/asl/youtube/mp4/8u3Z3D9Y4Cw.mp4
wastebasket, https://media.signbsl.com/videos/asl/youtube/mp4/8u3Z3D9Y4Cw.mp4
wastebin, https://media.signbsl.com/videos/asl/aslsearch/mp4/trash-can.mp4
wasted, https://media.signbsl.com/videos/asl/youtube/mp4/5ZL7keTwV9E.mp4
wasteful, https://media.signbsl.com/videos/asl/youtube/mp4/wWZ2H-A_AVg.mp4
waste garbage, https://media.signbsl.com/videos/asl/youtube/mp4/qdMTDTIcKFg.mp4
wasteland, https://media.signbsl.com/videos/asl/youtube/mp4/quigGwNq8Dk.mp4
waste material, https://media.signbsl.com/videos/asl/youtube/mp4/PFPrFQmtCPE.mp4
waste matter, https://media.signbsl.com/videos/asl/youtube/mp4/PFPrFQmtCPE.mp4
waste of time, https://media.signbsl.com/videos/asl/youtube/mp4/R5DOWrbAP90.mp4
waste ones time, https://media.signbsl.com/videos/asl/youtube/mp4/8bCWeUU4sHw.mp4
wastepaper, NA
waste paper basket, https://media.signbsl.com/videos/asl/youtube/mp4/8u3Z3D9Y4Cw.mp4
wastepaper basket, https://media.signbsl.com/videos/asl/youtube/mp4/8u3Z3D9Y4Cw.mp4
waste pipe, https://media.signbsl.com/videos/asl/youtube/mp4/FaYHVIpzj6I.mp4
waste product, https://media.signbsl.com/videos/asl/youtube/mp4/PFPrFQmtCPE.mp4
waster, https://media.signbsl.com/videos/asl/youtube/mp4/g0ryP4nVsIs.mp4
Waste Time, https://player.vimeo.com/external/392758054.sd.mp4?s=1bd4c7e1eb2aeb7f51634fe276b700e4d0d0f7b6&profile_id=164
waste urine and feces, https://media.signbsl.com/videos/asl/youtube/mp4/PFPrFQmtCPE.mp4
wastewater, https://media.signbsl.com/videos/asl/youtube/mp4/rHoq4p28Sv0.mp4
wasteweir, https://media.signbsl.com/videos/asl/youtube/mp4/5InFEf8LN5U.mp4
wastrel, https://media.signbsl.com/videos/asl/youtube/mp4/g0ryP4nVsIs.mp4
watch, https://media.signbsl.com/videos/asl/startasl/mp4/watch.mp4
watchable, https://media.signbsl.com/videos/asl/youtube/mp4/P-o47-dPhLQ.mp4
watchband, https://media.signbsl.com/videos/asl/aslsignbank/mp4/BRACELET-1979.mp4
watch bracelet, https://media.signbsl.com/videos/asl/aslsignbank/mp4/BRACELET-1979.mp4
watch chain, https://media.signbsl.com/videos/asl/youtube/mp4/EB8EzXaEeLo.mp4
watchdog, https://media.signbsl.com/videos/asl/youtube/mp4/TMp4EFm3kCM.mp4
watcher, https://media.signbsl.com/videos/asl/youtube/mp4/MTcr8G8lIxU.mp4
watchful, https://media.signbsl.com/videos/asl/youtube/mp4/z7YuUQZkBzI.mp4
watchfulness, https://media.signbsl.com/videos/asl/youtube/mp4/Yi92GVc61T4.mp4
watch guard, https://media.signbsl.com/videos/asl/youtube/mp4/EB8EzXaEeLo.mp4
watching, https://media.signbsl.com/videos/asl/youtube/mp4/ERjg2svi8Jc.mp4
watching the game, https://media.signbsl.com/videos/asl/startasl/mp4/watching-the-game.mp4
watch like a hawk, https://media.signbsl.com/videos/asl/youtube/mp4/gXwB-pg4Zes.mp4
watchmaker, https://media.signbsl.com/videos/asl/youtube/mp4/4nS3PyoikUo.mp4
watchman, https://media.signbsl.com/videos/asl/youtube/mp4/mUZWP0Jdb_g.mp4
watch out, https://player.vimeo.com/external/392271144.sd.mp4?s=4666e718ba1dd7fecdab63508b471d35d4b46ef8&profile_id=164
watchstrap, https://media.signbsl.com/videos/asl/aslsignbank/mp4/BRACELET-1979.mp4
watch tv, https://media.signbsl.com/videos/asl/startasl/mp4/watch-tv.mp4
watchword, https://media.signbsl.com/videos/asl/mariekatzenbachschool/mp4/password.mp4
water, https://media.signbsl.com/videos/asl/startasl/mp4/water.mp4
water bed, https://media.signbsl.com/videos/asl/youtube/mp4/NmgDW_dWMZQ.mp4
waterbed, https://media.signbsl.com/videos/asl/youtube/mp4/NmgDW_dWMZQ.mp4
water bird, https://media.signbsl.com/videos/asl/youtube/mp4/L3Vz87oWEg4.mp4
waterbird, https://media.signbsl.com/videos/asl/youtube/mp4/L3Vz87oWEg4.mp4
waterborne, https://media.signbsl.com/videos/asl/youtube/mp4/ewtqXrsclxA.mp4
water bottle, https://media.signbsl.com/videos/asl/elementalaslconcepts/mp4/water_bottle.mp4
water buffalo, https://media.signbsl.com/videos/asl/youtube/mp4/l07k37hlKAY.mp4
watercolor, https://media.signbsl.com/videos/asl/youtube/mp4/bD60hoEiXpo.mp4
watercolour, https://media.signbsl.com/videos/asl/youtube/mp4/bD60hoEiXpo.mp4
water cooled machine, https://media.signbsl.com/videos/asl/AustinCommunityCollege/mp4/weld_watercooled_.mp4
watercourse, https://media.signbsl.com/videos/asl/aslsearch/mp4/stream.mp4
watercraft, https://media.signbsl.com/videos/asl/youtube/mp4/pGf2WjeylOo.mp4
waterfall, https://media.signbsl.com/videos/asl/aslsearch/mp4/waterfall.mp4
water fountain, https://media.signbsl.com/videos/asl/youtube/mp4/h7RlUZlTdZw.mp4
waterfowl, https://media.signbsl.com/videos/asl/youtube/mp4/L3Vz87oWEg4.mp4
waterfront, https://media.signbsl.com/videos/asl/youtube/mp4/-dD7eU3e4js.mp4
water gate, https://media.signbsl.com/videos/asl/youtube/mp4/Sg82d-NJ78s.mp4
waterhole, NA
water ice, https://media.signbsl.com/videos/asl/aslsearch/mp4/ice.mp4
watering can, https://media.signbsl.com/videos/asl/aslsearch/mp4/watering-can.mp4
watering pot, https://media.signbsl.com/videos/asl/aslsearch/mp4/watering-can.mp4
waterless, https://media.signbsl.com/videos/asl/youtube/mp4/RmtB2vy9PtM.mp4
water level, https://media.signbsl.com/videos/asl/youtube/mp4/OpemMETYAmY.mp4
water line, https://media.signbsl.com/videos/asl/youtube/mp4/Cc_7Yicz014.mp4
watermark, https://media.signbsl.com/videos/asl/youtube/mp4/Cc_7Yicz014.mp4
watermelon, https://media.signbsl.com/videos/asl/startasl/mp4/watermelon.mp4
water ox, https://media.signbsl.com/videos/asl/youtube/mp4/l07k37hlKAY.mp4
water pill, https://media.signbsl.com/videos/asl/youtube/mp4/EpVmVaHO9HU.mp4
water pipe, https://player.vimeo.com/external/392184956.sd.mp4?s=0762a602630e6028ed32858ede539cd50493dc11&profile_id=164
water polo, https://player.vimeo.com/external/392758114.sd.mp4?s=a757fbe41ea26627905be0d5f9a26cafa9a2d0bb&profile_id=164
waterproof, https://media.signbsl.com/videos/asl/aslsearch/mp4/raincoat.mp4
waterproofed, https://media.signbsl.com/videos/asl/youtube/mp4/z3Z8ggUIACM.mp4
water pump, https://media.signbsl.com/videos/asl/youtube/mp4/bj7QCsnT5ck.mp4
water pump automotive, https://media.signbsl.com/videos/asl/youtube/mp4/31wusZ6qEd4.mp4
watershed, NA
water ski, https://media.signbsl.com/videos/asl/aslsearch/mp4/water-ski.mp4
waterskier, https://media.signbsl.com/videos/asl/youtube/mp4/fikOprl9Io8.mp4
water skiing, https://player.vimeo.com/external/392758160.sd.mp4?s=f8fe08594f8c3b27adf1ef19335dec7b99ceefdf&profile_id=164
waterspout, https://media.signbsl.com/videos/asl/youtube/mp4/y3D4Xa4MweA.mp4
water table, https://media.signbsl.com/videos/asl/youtube/mp4/OpemMETYAmY.mp4
watertight, https://media.signbsl.com/videos/asl/youtube/mp4/sjCAA17CIHU.mp4
water vapor, https://media.signbsl.com/videos/asl/elementalaslconcepts/mp4/water_vapor.mp4
water vapour, https://media.signbsl.com/videos/asl/elementalaslconcepts/mp4/water_vapor.mp4
water well, https://media.signbsl.com/videos/asl/youtube/mp4/VYO9Ck5Ldtg.mp4
watt, https://media.signbsl.com/videos/asl/aslsignbank/mp4/LETTER-W-1655.mp4
wattage, https://media.signbsl.com/videos/asl/AustinCommunityCollege/mp4/elec_wattage_.mp4
wattle, https://media.signbsl.com/videos/asl/youtube/mp4/xDnJ4PJyrS0.mp4
watt second, https://media.signbsl.com/videos/asl/youtube/mp4/ouEhr9gXNj4.mp4
wave, https://media.signbsl.com/videos/asl/aslsearch/mp4/wave.mp4
wave function, https://media.signbsl.com/videos/asl/youtube/mp4/cnWKCHxrZUI.mp4
wavelength, https://media.signbsl.com/videos/asl/deaftec/mp4/1436.mp4
wavelet, https://media.signbsl.com/videos/asl/youtube/mp4/Ed6gtIyCMc0.mp4
wave off, https://media.signbsl.com/videos/asl/youtube/mp4/yQNhO1T3oa4.mp4
waver, https://player.vimeo.com/external/392178202.sd.mp4?s=e562b58753cc6d265ba3c79369e8f64c04612341&profile_id=164
waves, https://media.signbsl.com/videos/asl/aslsearch/mp4/wave.mp4
waves shape, https://player.vimeo.com/external/392876579.sd.mp4?s=bf64e0ab2f928126bcc23182343890047d598301&profile_id=164
wavier, https://media.signbsl.com/videos/asl/youtube/mp4/eD5Y8ZNzPIk.mp4
wax, https://media.signbsl.com/videos/asl/youtube/mp4/yAIS2qPLhpY.mp4
wax crayon, https://media.signbsl.com/videos/asl/elementalaslconcepts/mp4/crayon.mp4
wax light, https://media.signbsl.com/videos/asl/startasl/mp4/candle.mp4
way, https://media.signbsl.com/videos/asl/tsdvideo/mp4/240.mp4
wayfarer, https://media.signbsl.com/videos/asl/youtube/mp4/gFDlaMJ_KJQ.mp4
wayfaring, https://media.signbsl.com/videos/asl/youtube/mp4/kk_xT_k_EF4.mp4
waylaid, https://media.signbsl.com/videos/asl/youtube/mp4/i-DNSIQOzwM.mp4
waylay, https://media.signbsl.com/videos/asl/youtube/mp4/Xq64KSXhOSA.mp4
way out, https://player.vimeo.com/external/392124411.sd.mp4?s=8b9eff34048f8d02ef718169b34091503de1e665&profile_id=164
ways, https://media.signbsl.com/videos/asl/signlanguagestudent/mp4/ways.mp4
wayside, https://media.signbsl.com/videos/asl/youtube/mp4/9-vctfhWhJ8.mp4
wayward, https://media.signbsl.com/videos/asl/youtube/mp4/1jZe5M-4Uog.mp4
WBC, https://media.signbsl.com/videos/asl/youtube/mp4/BHe6tLPLn54.mp4
we, https://media.signbsl.com/videos/asl/aslsignbank/mp4/WE-1416.mp4
weak, https://media.signbsl.com/videos/asl/startasl/mp4/weak.mp4
weaken, https://player.vimeo.com/external/392547305.sd.mp4?s=b866c1dd268e78484238eeb0c44c4b7ac754eb60&profile_id=164
weak heart beat, https://player.vimeo.com/external/392758275.sd.mp4?s=41459191f365f1cfba664cae80e2adc91cfb4117&profile_id=164
weakly, https://media.signbsl.com/videos/asl/youtube/mp4/jpn0a5rTRa8.mp4
weakness, https://player.vimeo.com/external/392758309.sd.mp4?s=4f334eb1b4f464bf9cb27ea2f65e85158194547b&profile_id=164
weak signer, https://media.signbsl.com/videos/asl/youtube/mp4/WvJEPKgVpwk.mp4
wealth, https://media.signbsl.com/videos/asl/valleybible/mp4/wealth.mp4
wealthy, https://media.signbsl.com/videos/asl/startasl/mp4/wealthy.mp4
wealthy man, https://media.signbsl.com/videos/asl/youtube/mp4/16TuQ-kMNos.mp4
wean, https://media.signbsl.com/videos/asl/youtube/mp4/DJX3wqmp6hw.mp4
weapon, https://media.signbsl.com/videos/asl/youtube/mp4/xOePjifpRoY.mp4
weaponless, https://media.signbsl.com/videos/asl/youtube/mp4/feCw7IWGxTE.mp4
weaponry, https://media.signbsl.com/videos/asl/aslsearch/mp4/arms.mp4
weapons system, https://media.signbsl.com/videos/asl/aslsearch/mp4/arms.mp4
weapon system, https://media.signbsl.com/videos/asl/youtube/mp4/xOePjifpRoY.mp4
wear, https://media.signbsl.com/videos/asl/aslsignbank/mp4/MISS-GET-1602.mp4
wear down, https://media.signbsl.com/videos/asl/youtube/mp4/gMJdTeTsY3Q.mp4
we are looking at each other romantically, https://media.signbsl.com/videos/asl/youtube/mp4/fSg7DeSeGVQ.mp4
we are out of gas, https://player.vimeo.com/external/392758232.sd.mp4?s=fec2c4caef5d7cc5dff16751da37dbf3170a2269&profile_id=164
weariness, https://media.signbsl.com/videos/asl/youtube/mp4/E8O_U4akqoY.mp4
wearing, https://media.signbsl.com/videos/asl/youtube/mp4/iVXxVavtD-U.mp4
wearing apparel, https://media.signbsl.com/videos/asl/startasl/mp4/clothes.mp4
wearing away, https://media.signbsl.com/videos/asl/youtube/mp4/iVXxVavtD-U.mp4
wearisome, https://media.signbsl.com/videos/asl/aslsearch/mp4/dull.mp4
wear off, https://player.vimeo.com/external/392876650.sd.mp4?s=c4b23c49e3e430d10ca7cd3e20f701cad3b37637&profile_id=164
wear on, https://media.signbsl.com/videos/asl/youtube/mp4/ZD3wSLqGTFI.mp4
wear out, https://player.vimeo.com/external/392876650.sd.mp4?s=c4b23c49e3e430d10ca7cd3e20f701cad3b37637&profile_id=164
wear thin, https://player.vimeo.com/external/392876650.sd.mp4?s=c4b23c49e3e430d10ca7cd3e20f701cad3b37637&profile_id=164
wear upon, https://media.signbsl.com/videos/asl/youtube/mp4/gMJdTeTsY3Q.mp4
weary, https://media.signbsl.com/videos/asl/youtube/mp4/gMJdTeTsY3Q.mp4
weasel, https://media.signbsl.com/videos/asl/youtube/mp4/La2MMk10gq4.mp4
weather, https://media.signbsl.com/videos/asl/startasl/mp4/weather.mp4
weather breaking, https://media.signbsl.com/videos/asl/youtube/mp4/jqw0wLDr6Fc.mp4
weather condition, https://media.signbsl.com/videos/asl/startasl/mp4/weather.mp4
weather forecast, https://player.vimeo.com/external/392759308.sd.mp4?s=ac04deba19ea0c05cb19b131c2da07a97b3f416a&profile_id=164
weather forecaster, https://media.signbsl.com/videos/asl/youtube/mp4/lZPmKDvTIwI.mp4
weathering influence, https://media.signbsl.com/videos/asl/elementalaslconcepts/mp4/weathering_influence.mp4
weatherman, https://media.signbsl.com/videos/asl/youtube/mp4/lZPmKDvTIwI.mp4
weather outlook, https://player.vimeo.com/external/392759308.sd.mp4?s=ac04deba19ea0c05cb19b131c2da07a97b3f416a&profile_id=164
weave, https://media.signbsl.com/videos/asl/aslsearch/mp4/weave.mp4
weave about, https://media.signbsl.com/videos/asl/youtube/mp4/LfO91Q42Loo.mp4
weaver, https://media.signbsl.com/videos/asl/youtube/mp4/QioN4cJaB5s.mp4
weaverbird, https://media.signbsl.com/videos/asl/youtube/mp4/QioN4cJaB5s.mp4
weaver finch, https://media.signbsl.com/videos/asl/youtube/mp4/QioN4cJaB5s.mp4
web, https://media.signbsl.com/videos/asl/aslsignbank/mp4/NETWORK-1576.mp4
webbed, https://media.signbsl.com/videos/asl/youtube/mp4/339zHGMAEXk.mp4
web browser, https://media.signbsl.com/videos/asl/aslsearch/mp4/web-browser.mp4
webcam, https://media.signbsl.com/videos/asl/youtube/mp4/q9DKqf_U8LM.mp4
web log, https://media.signbsl.com/videos/asl/startasl/mp4/blog.mp4
web page, https://media.signbsl.com/videos/asl/mariekatzenbachschool/mp4/web%20page.mp4
webpage, https://media.signbsl.com/videos/asl/mariekatzenbachschool/mp4/web%20page.mp4
web site, https://media.signbsl.com/videos/asl/aslsearch/mp4/www.mp4
website, https://media.signbsl.com/videos/asl/aslsearch/mp4/www.mp4
website designer, https://player.vimeo.com/external/392759359.sd.mp4?s=c04228953d4ae80a50566e640342b2525ebc0aba&profile_id=164
wed, https://media.signbsl.com/videos/asl/startasl/mp4/wednesday.mp4
wedding, https://media.signbsl.com/videos/asl/startasl/mp4/wedding.mp4
wedding band, https://player.vimeo.com/external/392759396.sd.mp4?s=e9575e823cb0e238f72abcefb72d42275016cd0a&profile_id=164
wedding ceremony, https://media.signbsl.com/videos/asl/startasl/mp4/wedding.mp4
wedding reception, https://player.vimeo.com/external/392759375.sd.mp4?s=8c75fbc5112bba64e8852403948d3a95e8ab98cc&profile_id=164
wedding ring, https://player.vimeo.com/external/392759396.sd.mp4?s=e9575e823cb0e238f72abcefb72d42275016cd0a&profile_id=164
wedge, https://media.signbsl.com/videos/asl/elementalaslconcepts/mp4/wedge.mp4
Wednesday, https://media.signbsl.com/videos/asl/startasl/mp4/wednesday.mp4
weed, https://media.signbsl.com/videos/asl/youtube/mp4/FdUZb3NFrj0.mp4
weed killer, https://media.signbsl.com/videos/asl/youtube/mp4/sWhnyu5WM7Y.mp4
weedkiller, https://media.signbsl.com/videos/asl/youtube/mp4/sWhnyu5WM7Y.mp4
weedless, https://media.signbsl.com/videos/asl/youtube/mp4/5sCq-B4pKpo.mp4
weedy, https://media.signbsl.com/videos/asl/aslsignbank/mp4/SKINNY-2197.mp4
week, https://media.signbsl.com/videos/asl/startasl/mp4/week.mp4
week ago, https://media.signbsl.com/videos/asl/aslsignbank/mp4/LAST-WEEK-1690.mp4
weekend, https://media.signbsl.com/videos/asl/aslsignbank/mp4/WEEKEND-817.mp4
weekender someone who is staying at a place for a weekend, https://media.signbsl.com/videos/asl/youtube/mp4/EkYs3FFUaZM.mp4
weekend initialized rare, https://media.signbsl.com/videos/asl/aslsignbank/mp4/WEEKEND-1419.mp4
weekly, https://media.signbsl.com/videos/asl/aslsearch/mp4/weekly.mp4
weeks, https://media.signbsl.com/videos/asl/startasl/mp4/week.mp4
weeness, https://media.signbsl.com/videos/asl/youtube/mp4/Kmnm0Y-Qfxk.mp4
weenie, https://media.signbsl.com/videos/asl/startasl/mp4/hotdog.mp4
weenier, https://media.signbsl.com/videos/asl/youtube/mp4/R8cNBvXuYW0.mp4
weep, https://media.signbsl.com/videos/asl/startasl/mp4/cry.mp4
weepier, https://media.signbsl.com/videos/asl/youtube/mp4/grZwzIKNsZQ.mp4
weewee, https://media.signbsl.com/videos/asl/aslsearch/mp4/urine.mp4
weigh, https://media.signbsl.com/videos/asl/tsdvideo/mp4/437.mp4
weight, https://media.signbsl.com/videos/asl/startasl/mp4/weight.mp4
weightiness, https://media.signbsl.com/videos/asl/youtube/mp4/b6g4kBg09s8.mp4
weightless, https://media.signbsl.com/videos/asl/youtube/mp4/8PfO-Sx4mfo.mp4
weight lift, https://media.signbsl.com/videos/asl/youtube/mp4/wTd4g5JrzrA.mp4
weightlift, https://media.signbsl.com/videos/asl/youtube/mp4/wTd4g5JrzrA.mp4
weightlifter, https://media.signbsl.com/videos/asl/youtube/mp4/iNxeVJdTNVg.mp4
weighty, https://media.signbsl.com/videos/asl/aslsearch/mp4/obese.mp4
weird, NA
weirdie, https://media.signbsl.com/videos/asl/youtube/mp4/ZSwH6mve3VU.mp4
weirdo, https://media.signbsl.com/videos/asl/youtube/mp4/ZSwH6mve3VU.mp4
weirdy, https://media.signbsl.com/videos/asl/youtube/mp4/ZSwH6mve3VU.mp4
welch, https://media.signbsl.com/videos/asl/youtube/mp4/PHKLXkx60RU.mp4
welcher, https://media.signbsl.com/videos/asl/youtube/mp4/pZTD2a9qSy8.mp4
welcome, https://media.signbsl.com/videos/asl/aslsignbank/mp4/WELCOME-1476.mp4
welcomer, https://media.signbsl.com/videos/asl/youtube/mp4/pCQ35h-XClo.mp4
weld, https://media.signbsl.com/videos/asl/AustinCommunityCollege/mp4/weld_weld_.mp4
welder, https://media.signbsl.com/videos/asl/startasl/mp4/welder.mp4
welding, https://media.signbsl.com/videos/asl/youtube/mp4/HXpqkF0ZT6I.mp4
welding hoodmask, https://media.signbsl.com/videos/asl/AustinCommunityCollege/mp4/weld_hood_mask_.mp4
welding lead, https://media.signbsl.com/videos/asl/AustinCommunityCollege/mp4/weld_lead_.mp4
welding rod, https://media.signbsl.com/videos/asl/AustinCommunityCollege/mp4/weld_rod_.mp4
weld pool, https://media.signbsl.com/videos/asl/AustinCommunityCollege/mp4/weld_pool_.mp4
weld reinforcement, https://media.signbsl.com/videos/asl/AustinCommunityCollege/mp4/weld_reinforemnt_.mp4
weld uphilldownhill, https://media.signbsl.com/videos/asl/AustinCommunityCollege/mp4/weld_uphill_down_.mp4
welfare, https://media.signbsl.com/videos/asl/ids/mp4/2013-11-5200-welfare-1500k-ase.mp4
welfare worker, https://media.signbsl.com/videos/asl/aslsearch/mp4/social-worker.mp4
welkin, https://media.signbsl.com/videos/asl/signlanguagestudent/mp4/firmament.mp4
well, https://media.signbsl.com/videos/asl/startasl/mp4/good.mp4
well ahead, https://media.signbsl.com/videos/asl/youtube/mp4/gaOyvtc8arw.mp4
well balanced, https://media.signbsl.com/videos/asl/youtube/mp4/ZhFpg-x-3tk.mp4
well being, https://media.signbsl.com/videos/asl/youtube/mp4/6BufL2BH8Qw.mp4
wellbeing, https://media.signbsl.com/videos/asl/youtube/mp4/6BufL2BH8Qw.mp4
well done, https://media.signbsl.com/videos/asl/mariekatzenbachschool/mp4/well%20done.mp4
well endowed, https://media.signbsl.com/videos/asl/youtube/mp4/y_aCi3I-Uv8.mp4
wellesly, https://media.signbsl.com/videos/asl/youtube/mp4/0W8JvJ5xKOQ.mp4
well favored, https://media.signbsl.com/videos/asl/startasl/mp4/handsome.mp4
well favoured, https://media.signbsl.com/videos/asl/startasl/mp4/handsome.mp4
well fixed, https://media.signbsl.com/videos/asl/aslsignbank/mp4/SIMPLE-761.mp4
well healthy, https://media.signbsl.com/videos/asl/signlanguagestudent/mp4/well%20(healthy).mp4
well heeled, https://media.signbsl.com/videos/asl/aslsignbank/mp4/SIMPLE-761.mp4
well kept, https://media.signbsl.com/videos/asl/youtube/mp4/myR4OEWs7GU.mp4
well lighted, https://media.signbsl.com/videos/asl/youtube/mp4/6Y8j6FDWqTU.mp4
wellness, https://media.signbsl.com/videos/asl/startasl/mp4/health.mp4
well nigh, https://media.signbsl.com/videos/asl/aslsignbank/mp4/ALMOST-646.mp4
well off, https://media.signbsl.com/videos/asl/aslsignbank/mp4/SIMPLE-761.mp4
well over, https://media.signbsl.com/videos/asl/aslsearch/mp4/overflow.mp4
well read, https://media.signbsl.com/videos/asl/youtube/mp4/V_XGsmBDtqg.mp4
well shaven, https://player.vimeo.com/external/395766184.sd.mp4?s=b7c86b6e79206b7b11dbb56f1f7546481aaf880d&profile_id=164
well situated, https://media.signbsl.com/videos/asl/aslsignbank/mp4/SIMPLE-761.mp4
well so, https://media.signbsl.com/videos/asl/signlanguagestudent/mp4/well%20(so).mp4
well thought out, https://media.signbsl.com/videos/asl/signlanguagestudent/mp4/considered%20(alternate%20sign).mp4
well to do, https://media.signbsl.com/videos/asl/aslsignbank/mp4/SIMPLE-761.mp4
well water, https://media.signbsl.com/videos/asl/elementalaslconcepts/mp4/ground_water.mp4
well wisher, https://media.signbsl.com/videos/asl/youtube/mp4/dhSosUbe0xg.mp4
well worn, https://media.signbsl.com/videos/asl/youtube/mp4/cjU8h0LcN4M.mp4
welsher, https://media.signbsl.com/videos/asl/youtube/mp4/pZTD2a9qSy8.mp4
welt, https://media.signbsl.com/videos/asl/aslsearch/mp4/whip.mp4
welter, https://player.vimeo.com/external/391390565.sd.mp4?s=383ac5c5790e55cf22c9165515add97686652be0&profile_id=164
wench, https://media.signbsl.com/videos/asl/youtube/mp4/cccD9BzdWNQ.mp4
wendy, https://media.signbsl.com/videos/asl/youtube/mp4/1mrD75y2Lew.mp4
wendy house, https://media.signbsl.com/videos/asl/aslsearch/mp4/playhouse.mp4
wendys, https://player.vimeo.com/external/392759417.sd.mp4?s=cff29d75facdb68ae8164a74753f27eed8b1e483&profile_id=164
went, https://media.signbsl.com/videos/asl/signlanguagestudent/mp4/went.mp4
went in, https://media.signbsl.com/videos/asl/youtube/mp4/Q9CdepEN1RI.mp4
went sniffle sniffle snuffle, https://media.signbsl.com/videos/asl/youtube/mp4/4_cjE_Bosrs.mp4
went twinkle twinkle, https://media.signbsl.com/videos/asl/youtube/mp4/1G_q_b8JioU.mp4
were, https://media.signbsl.com/videos/asl/signlanguagestudent/mp4/were.mp4
were initialized, https://media.signbsl.com/videos/asl/signlanguagestudent/mp4/were%20(initialized).mp4
werent, https://media.signbsl.com/videos/asl/youtube/mp4/ypQlVeahHZg.mp4
werewolf, https://media.signbsl.com/videos/asl/thefamilyvocab/mp4/werewolf.mp4
west, https://media.signbsl.com/videos/asl/startasl/mp4/west.mp4
western, https://media.signbsl.com/videos/asl/signlanguagestudent/mp4/western.mp4
western europe, https://media.signbsl.com/videos/asl/mariekatzenbachschool/mp4/Western%20Europe.mp4
westernmost, https://media.signbsl.com/videos/asl/youtube/mp4/_wtzgRVEvmU.mp4
westmost, https://media.signbsl.com/videos/asl/youtube/mp4/_wtzgRVEvmU.mp4
West Pakistan, https://media.signbsl.com/videos/asl/youtube/mp4/FKujx864z1M.mp4
West Virginia, https://media.signbsl.com/videos/asl/mariekatzenbachschool/mp4/West%20Virginia.mp4
westward expansion, https://media.signbsl.com/videos/asl/elementalaslconcepts/mp4/westward_expansion.mp4
wet, https://media.signbsl.com/videos/asl/aslsignbank/mp4/WET-2234.mp4
wetback, https://media.signbsl.com/videos/asl/youtube/mp4/QSk44XrOTrc.mp4
wet blanket, https://media.signbsl.com/videos/asl/youtube/mp4/4C8rAj2rtRo.mp4
wet nurse, https://player.vimeo.com/external/391214094.sd.mp4?s=88b06697a68fbf0e5aeb9c29f2c2ce1477b7d6a5&profile_id=164
wetter, https://media.signbsl.com/videos/asl/youtube/mp4/BuS5Lq_H150.mp4
wetting agent, https://media.signbsl.com/videos/asl/youtube/mp4/BuS5Lq_H150.mp4
weve, https://media.signbsl.com/videos/asl/youtube/mp4/jFuYDsxRXAA.mp4
whacko, https://media.signbsl.com/videos/asl/youtube/mp4/1LE3h0bzu64.mp4
whacky, https://media.signbsl.com/videos/asl/startasl/mp4/nuts.mp4
whale, https://media.signbsl.com/videos/asl/aslsearch/mp4/whale.mp4
whaleboat, https://media.signbsl.com/videos/asl/youtube/mp4/o4j0o-5MS2s.mp4
whaler, https://media.signbsl.com/videos/asl/youtube/mp4/gzFE-GIcf40.mp4
whaling ship, https://media.signbsl.com/videos/asl/youtube/mp4/gzFE-GIcf40.mp4
whap, https://media.signbsl.com/videos/asl/youtube/mp4/eVLlhJr0WsA.mp4
wharf, https://player.vimeo.com/external/392410286.sd.mp4?s=ed2b96d1c6968863316401491ee785230e3a8bf0&profile_id=164
wharfage, https://player.vimeo.com/external/392410286.sd.mp4?s=ed2b96d1c6968863316401491ee785230e3a8bf0&profile_id=164
what, https://media.signbsl.com/videos/asl/startasl/mp4/what.mp4
what, https://media.signbsl.com/videos/asl/startasl/mp4/what.mp4
what-do, https://media.signbsl.com/videos/asl/aslsignbank/mp4/WHAT-DO-1424.mp4
what are you doing, https://player.vimeo.com/external/392759446.sd.mp4?s=f50bc1af83277f5dc76e7ddb65fde8066cd0d080&profile_id=164
what did youthey say, https://media.signbsl.com/videos/asl/startasl/mp4/what-did-youthey-say.mp4
what do, https://media.signbsl.com/videos/asl/aslsignbank/mp4/WHAT-DO-1424.mp4
what does that mean, https://media.signbsl.com/videos/asl/startasl/mp4/whatdoesthatmean.mp4
what do i do, https://player.vimeo.com/external/392759475.sd.mp4?s=c6a9afce9c60dd2ae17f93a94e6d6d7d5bd3deff&profile_id=164
what do you think, https://media.signbsl.com/videos/asl/startasl/mp4/what-do-you-think.mp4
whatever, https://media.signbsl.com/videos/asl/signlanguagestudent/mp4/whatever.mp4
what for, NA
what from list, https://media.signbsl.com/videos/asl/signlanguagestudent/mp4/what%20(from%20list).mp4
what happened, https://media.signbsl.com/videos/asl/signlanguagestudent/mp4/what%20happened.mp4
what is more, https://player.vimeo.com/external/392141494.sd.mp4?s=fc24d801b02d3dd0fcbdcf4696792dd5142439b6&profile_id=164
what is your name, https://media.signbsl.com/videos/asl/startasl/mp4/what-is-your-name.mp4
what is your phone number, https://media.signbsl.com/videos/asl/startasl/mp4/what-is-your-phone-number.mp4
what is your teachers name, https://media.signbsl.com/videos/asl/startasl/mp4/what-is-your-teachers-name.mp4
what kind, https://media.signbsl.com/videos/asl/thefamilyvocab/mp4/what-kind.mp4
what lexicalized fingerspelling, https://media.signbsl.com/videos/asl/signlanguagestudent/mp4/what%20(lexicalized%20fingerspelling).mp4
whatll, https://media.signbsl.com/videos/asl/youtube/mp4/4QyIrt7s8KM.mp4
whatnot, https://media.signbsl.com/videos/asl/youtube/mp4/aNj_Zff2zc8.mp4
what reason, https://media.signbsl.com/videos/asl/youtube/mp4/zhiQb19wd48.mp4
what say, https://media.signbsl.com/videos/asl/startasl/mp4/whatsay.mp4
whatsoever, https://media.signbsl.com/videos/asl/signlanguagestudent/mp4/whatever.mp4
whats up, https://media.signbsl.com/videos/asl/aslsearch/mp4/enlighten.mp4
whats wrong, https://media.signbsl.com/videos/asl/youtube/mp4/MDhBt9IlDJA.mp4
whats your teachers name, https://media.signbsl.com/videos/asl/startasl/mp4/whatsyourteachersname.mp4
whats your text number, https://media.signbsl.com/videos/asl/mariekatzenbachschool/mp4/Whats%20your%20text%20number.mp4
what time, https://media.signbsl.com/videos/asl/startasl/mp4/whattime.mp4
what time is it, https://media.signbsl.com/videos/asl/mariekatzenbachschool/mp4/What%20time%20is%20it.mp4
what your name, https://media.signbsl.com/videos/asl/startasl/mp4/whatyourname.mp4
what your phone number, https://media.signbsl.com/videos/asl/startasl/mp4/whatyourphonenumber.mp4
wheat, https://media.signbsl.com/videos/asl/youtube/mp4/fkeB9N16SLk.mp4
wheedle, https://media.signbsl.com/videos/asl/youtube/mp4/YC9oDGG1rCs.mp4
wheel, https://media.signbsl.com/videos/asl/startasl/mp4/bicycle.mp4
wheel and axle, https://media.signbsl.com/videos/asl/elementalaslconcepts/mp4/wheel_and_axle.mp4
wheelbarrow, https://media.signbsl.com/videos/asl/aslsearch/mp4/wheelbarrow.mp4
wheelchair, https://media.signbsl.com/videos/asl/aslsearch/mp4/wheelchair.mp4
wheeled luggage, https://media.signbsl.com/videos/asl/youtube/mp4/FsAklmidVqw.mp4
wheeler, https://media.signbsl.com/videos/asl/youtube/mp4/49vXNvqNJMs.mp4
wheeler dealer, https://media.signbsl.com/videos/asl/youtube/mp4/xwlq84zpdK0.mp4
wheel flapper, https://media.signbsl.com/videos/asl/AustinCommunityCollege/mp4/weld_wheelflapper_.mp4
wheel grinding, https://media.signbsl.com/videos/asl/AustinCommunityCollege/mp4/weld_wheelgrinding_.mp4
wheel wire, https://media.signbsl.com/videos/asl/AustinCommunityCollege/mp4/weld_wheelwire_.mp4
wheeze, https://media.signbsl.com/videos/asl/youtube/mp4/Wp7X2jGtwrA.mp4
wheezier, https://media.signbsl.com/videos/asl/youtube/mp4/nvCman07KF0.mp4
whelp, https://media.signbsl.com/videos/asl/youtube/mp4/WJ4fb0rRZ_I.mp4
when, https://media.signbsl.com/videos/asl/aslsignbank/mp4/WHEN-1426.mp4
when'll, https://media.signbsl.com/videos/asl/youtube/mp4/Ik5ERuXs3rs.mp4
whenever, https://media.signbsl.com/videos/asl/youtube/mp4/muNcdU9VSfg.mp4
whenll, https://media.signbsl.com/videos/asl/youtube/mp4/Ik5ERuXs3rs.mp4
when question, https://media.signbsl.com/videos/asl/signlanguagestudent/mp4/when%20(question).mp4
where, https://media.signbsl.com/videos/asl/startasl/mp4/where.mp4
where are you learning sign language, https://media.signbsl.com/videos/asl/startasl/mp4/where-are-you-learning-sign-language.mp4
whereby as a result of something happening, https://media.signbsl.com/videos/asl/youtube/mp4/UjH-vx7Qo-E.mp4
where do you live, https://media.signbsl.com/videos/asl/startasl/mp4/wheredoyoulive.mp4
where do you rank among siblings, https://media.signbsl.com/videos/asl/startasl/mp4/wheredoyourankamongsiblings.mp4
where do you work, https://media.signbsl.com/videos/asl/startasl/mp4/wheredoyouwork.mp4
wherefor, https://media.signbsl.com/videos/asl/youtube/mp4/WmcJFNQh0Ls.mp4
wherefore, https://media.signbsl.com/videos/asl/aslsignbank/mp4/WHAT-FOR-134.mp4
where is the bathroom, https://media.signbsl.com/videos/asl/startasl/mp4/where-is-the-bathroom.mp4
where is there food, https://player.vimeo.com/external/392759554.sd.mp4?s=a6aacc63fc027a191e5956cd81e5f771e3bd37cd&profile_id=164
wherell, https://media.signbsl.com/videos/asl/youtube/mp4/RxtbtZ13jVE.mp4
wheres a hotel, https://player.vimeo.com/external/392759582.sd.mp4?s=c25e8623d1b26447246c69e01eaa2ae0916e96c4&profile_id=164
wheresoever, https://media.signbsl.com/videos/asl/youtube/mp4/gJ7lfLyyxe8.mp4
wheres phone, https://player.vimeo.com/external/392759667.sd.mp4?s=4641120002865a9756a7a76c2502dc85ce175cd8&profile_id=164
wheres phone booth, https://player.vimeo.com/external/392759627.sd.mp4?s=e9f05b40488080fe6404dd27eb0ac0b00d2fb04d&profile_id=164
wheres the bathroom, https://media.signbsl.com/videos/asl/startasl/mp4/wheresthebathroom.mp4
wheres the food, https://player.vimeo.com/external/384813101.sd.mp4?s=5d1015e445a5ff54cd8b12ca84c54b0edbce5a91&profile_id=164&oauth2_token_id=1269733722
wheres the police, https://player.vimeo.com/external/392759758.sd.mp4?s=c8eafb112bb012c04997aa004a821430bbd32e83&profile_id=164
wherever, https://media.signbsl.com/videos/asl/startasl/mp4/where.mp4
where you learn sign, https://media.signbsl.com/videos/asl/startasl/mp4/whereyoulearnsign.mp4
whet, https://media.signbsl.com/videos/asl/youtube/mp4/EBU4udPHYYI.mp4
whether, https://media.signbsl.com/videos/asl/signlanguagestudent/mp4/whether.mp4
whew, https://media.signbsl.com/videos/asl/aslsearch/mp4/whew.mp4
which, https://media.signbsl.com/videos/asl/signlanguagestudent/mp4/which.mp4
whichever, https://media.signbsl.com/videos/asl/youtube/mp4/etNAQvzZ1Bs.mp4
whiff, https://media.signbsl.com/videos/asl/youtube/mp4/udWXAoZA7ag.mp4
Whig, https://media.signbsl.com/videos/asl/youtube/mp4/KIRh6ws447I.mp4
while, https://media.signbsl.com/videos/asl/aslsignbank/mp4/WHILE-1429.mp4
whim, https://media.signbsl.com/videos/asl/youtube/mp4/xBe1fWAGj94.mp4
whimper, https://media.signbsl.com/videos/asl/youtube/mp4/jyz7jWZRtWo.mp4
whimsey, https://media.signbsl.com/videos/asl/youtube/mp4/xBe1fWAGj94.mp4
whimsical, https://media.signbsl.com/videos/asl/youtube/mp4/EJAe5pmWAJA.mp4
whimsy, https://media.signbsl.com/videos/asl/youtube/mp4/xBe1fWAGj94.mp4
whine, https://media.signbsl.com/videos/asl/youtube/mp4/2BAy2gthagk.mp4
whine high pitch loud sound, https://media.signbsl.com/videos/asl/youtube/mp4/-0DM7JZ8hGI.mp4
whiner, https://media.signbsl.com/videos/asl/youtube/mp4/Hg3v807Gkvg.mp4
whinier, https://media.signbsl.com/videos/asl/youtube/mp4/5GLcljT2Ml0.mp4
whinnied, https://media.signbsl.com/videos/asl/youtube/mp4/Vgs6EHbdIyg.mp4
whip, https://media.signbsl.com/videos/asl/aslsearch/mp4/whip.mp4
whip hand, https://media.signbsl.com/videos/asl/youtube/mp4/7vHCRgII_dY.mp4
whiplash, https://player.vimeo.com/external/392876758.sd.mp4?s=0cb2441732b64152dc9fd9ce0b62e5f0128bd91b&profile_id=164
whiplash injury, https://player.vimeo.com/external/392876758.sd.mp4?s=0cb2441732b64152dc9fd9ce0b62e5f0128bd91b&profile_id=164
whip out, https://media.signbsl.com/videos/asl/youtube/mp4/s2AymAOaZKE.mp4
whippersnapper, https://media.signbsl.com/videos/asl/youtube/mp4/CQf6dZAJM3E.mp4
whipping, https://media.signbsl.com/videos/asl/AustinCommunityCollege/mp4/weld_whipping_.mp4
whipping boy, https://media.signbsl.com/videos/asl/youtube/mp4/K7Z45TlphQs.mp4
whippy, https://player.vimeo.com/external/392440535.sd.mp4?s=a60536043977e743374b0e6d0e1163d7b67f7188&profile_id=164
whir, https://media.signbsl.com/videos/asl/youtube/mp4/E1BG46XfZm8.mp4
whirl, https://media.signbsl.com/videos/asl/aslsignbank/mp4/TWIRL-309.mp4
whirligig, https://media.signbsl.com/videos/asl/youtube/mp4/2MQyOxG9ad8.mp4
whirlpool, https://media.signbsl.com/videos/asl/youtube/mp4/z3PG8OFi5d4.mp4
whirlwind, https://media.signbsl.com/videos/asl/youtube/mp4/C2TzgrHd7Dk.mp4
whirlybird, https://media.signbsl.com/videos/asl/aslsignbank/mp4/HELICOPTER-1770.mp4
whirr, https://media.signbsl.com/videos/asl/youtube/mp4/E1BG46XfZm8.mp4
whirring, https://media.signbsl.com/videos/asl/youtube/mp4/E1BG46XfZm8.mp4
whisk, https://media.signbsl.com/videos/asl/aslsearch/mp4/whipping.mp4
whisker, https://media.signbsl.com/videos/asl/youtube/mp4/vAxvDjxMAmA.mp4
whiskered, https://media.signbsl.com/videos/asl/youtube/mp4/FyYnOUAzJJQ.mp4
whiskers, https://media.signbsl.com/videos/asl/startasl/mp4/beard.mp4
whiskery, https://media.signbsl.com/videos/asl/youtube/mp4/FyYnOUAzJJQ.mp4
whiskey, https://media.signbsl.com/videos/asl/youtube/mp4/TLvzNRt4SV0.mp4
whisk his tail, https://media.signbsl.com/videos/asl/youtube/mp4/b1VBtf_joGw.mp4
whisky, https://media.signbsl.com/videos/asl/youtube/mp4/TLvzNRt4SV0.mp4
whisper, https://media.signbsl.com/videos/asl/aslsignbank/mp4/E(call-out)-3377.mp4
whisperer, https://media.signbsl.com/videos/asl/youtube/mp4/KyDlbn-z5hk.mp4
whispering, https://media.signbsl.com/videos/asl/youtube/mp4/3AGZDutMcHc.mp4
whistle, https://media.signbsl.com/videos/asl/aslsearch/mp4/whistle.mp4
whistle at, https://media.signbsl.com/videos/asl/youtube/mp4/D6xj8OoRwxk.mp4
whistler, https://media.signbsl.com/videos/asl/youtube/mp4/k2ACisgGIs0.mp4
whit, https://media.signbsl.com/videos/asl/aslsearch/mp4/shred.mp4
white, https://media.signbsl.com/videos/asl/startasl/mp4/white.mp4
white ant, https://media.signbsl.com/videos/asl/youtube/mp4/rvFAC8J0-Nc.mp4
white blood cell, https://media.signbsl.com/videos/asl/youtube/mp4/BHe6tLPLn54.mp4
white blood corpuscle, https://media.signbsl.com/videos/asl/youtube/mp4/BHe6tLPLn54.mp4
white board, https://media.signbsl.com/videos/asl/mariekatzenbachschool/mp4/white%20board.mp4
whiteboard, https://media.signbsl.com/videos/asl/aslsearch/mp4/whiteboard.mp4
white cell, https://media.signbsl.com/videos/asl/youtube/mp4/BHe6tLPLn54.mp4
white clover, https://media.signbsl.com/videos/asl/youtube/mp4/LGpHnpOauRE.mp4
white corpuscle, https://media.signbsl.com/videos/asl/youtube/mp4/BHe6tLPLn54.mp4
White House, https://media.signbsl.com/videos/asl/elementalaslconcepts/mp4/white_house.mp4
white person, https://media.signbsl.com/videos/asl/startasl/mp4/white-person.mp4
white potato, https://media.signbsl.com/videos/asl/startasl/mp4/potato.mp4
White Russia, https://media.signbsl.com/videos/asl/youtube/mp4/BCWbjSfOhTM.mp4
whitey, https://media.signbsl.com/videos/asl/youtube/mp4/B4wuy4v5x4M.mp4
whitish, https://media.signbsl.com/videos/asl/youtube/mp4/QlZTvt8KP14.mp4
whittle, https://media.signbsl.com/videos/asl/youtube/mp4/DNUtnKYnKSo.mp4
whittler, https://media.signbsl.com/videos/asl/youtube/mp4/8SzThyuQq4A.mp4
whiz, https://media.signbsl.com/videos/asl/aslsignbank/mp4/SET-RECORD-2310.mp4
whizz, https://media.signbsl.com/videos/asl/aslsignbank/mp4/SET-RECORD-2310.mp4
who, https://media.signbsl.com/videos/asl/startasl/mp4/who.mp4
whoa, https://media.signbsl.com/videos/asl/startasl/mp4/wow.mp4
who cares, https://media.signbsl.com/videos/asl/youtube/mp4/uRQEOM6n240.mp4
who do you live with, https://media.signbsl.com/videos/asl/startasl/mp4/who-do-you-live-with.mp4
whodunit, https://media.signbsl.com/videos/asl/aslsearch/mp4/mystery.mp4
whoever, https://media.signbsl.com/videos/asl/youtube/mp4/7Ew-fy7Z7qo.mp4
who in the world is this, https://media.signbsl.com/videos/asl/youtube/mp4/TtLaxgAdrwU.mp4
whois, https://media.signbsl.com/videos/asl/deaftec/mp4/1092.mp4
who is your teacher, https://media.signbsl.com/videos/asl/startasl/mp4/whoisyourteacher.mp4
who knows, https://media.signbsl.com/videos/asl/youtube/mp4/NwEwoZcStQA.mp4
whole, https://media.signbsl.com/videos/asl/aslsearch/mp4/whole.mp4
wholeheartedness, https://media.signbsl.com/videos/asl/youtube/mp4/8xXe9nxgLpY.mp4
whole lot, https://media.signbsl.com/videos/asl/aslsearch/mp4/lot.mp4
wholeness, https://media.signbsl.com/videos/asl/deaftec/mp4/996.mp4
whole number, https://media.signbsl.com/videos/asl/tsdvideo/mp4/544.mp4
wholesale, https://media.signbsl.com/videos/asl/youtube/mp4/y8rYfvyXiZE.mp4
wholesale house, https://media.signbsl.com/videos/asl/youtube/mp4/-z-qO2ib2pM.mp4
wholesaler, https://media.signbsl.com/videos/asl/youtube/mp4/qaURIonfPKw.mp4
whole slew, https://media.signbsl.com/videos/asl/aslsearch/mp4/lot.mp4
wholesome, https://player.vimeo.com/external/392626980.sd.mp4?s=130757dff98f2f9df7cc4e98c1232f85709d5490&profile_id=164
wholesomer, https://media.signbsl.com/videos/asl/youtube/mp4/YBht0xokJSo.mp4
whole thing, https://media.signbsl.com/videos/asl/aslsignbank/mp4/WHOLE-721.mp4
wholl, https://media.signbsl.com/videos/asl/youtube/mp4/6_HoLK3UYcM.mp4
wholly, https://media.signbsl.com/videos/asl/aslsearch/mp4/whole.mp4
whom, https://media.signbsl.com/videos/asl/signlanguagestudent/mp4/whom.mp4
whooping cough, https://media.signbsl.com/videos/asl/youtube/mp4/5Olr1Kp7tf8.mp4
whoop it up, https://media.signbsl.com/videos/asl/youtube/mp4/2ojD6eJjpAk.mp4
whop, https://media.signbsl.com/videos/asl/youtube/mp4/eVLlhJr0WsA.mp4
whore, https://media.signbsl.com/videos/asl/aslsearch/mp4/whore.mp4
whorehouse, https://media.signbsl.com/videos/asl/youtube/mp4/B0glyhW8QwI.mp4
whoreson, https://media.signbsl.com/videos/asl/aslsearch/mp4/asshole.mp4
whorl, https://media.signbsl.com/videos/asl/youtube/mp4/zR7CAW_hON4.mp4
whortleberry, https://media.signbsl.com/videos/asl/youtube/mp4/IOPiI_dH9aA.mp4
whose, https://media.signbsl.com/videos/asl/signlanguagestudent/mp4/whose.mp4
why, https://media.signbsl.com/videos/asl/startasl/mp4/why.mp4
why are you learning sign language, https://media.signbsl.com/videos/asl/startasl/mp4/why-are-you-learning-sign-language.mp4
why not, https://media.signbsl.com/videos/asl/aslsignbank/mp4/WHY-NOT-1432.mp4
why you learn sign, https://media.signbsl.com/videos/asl/startasl/mp4/whyyoulearnsign.mp4
WI, https://media.signbsl.com/videos/asl/youtube/mp4/CyAUlac8L6U.mp4
wicked, https://media.signbsl.com/videos/asl/signlanguagestudent/mp4/wicked.mp4
wickedness, https://media.signbsl.com/videos/asl/valleybible/mp4/immorality.mp4
Wicked Wickedness, https://media.signbsl.com/videos/asl/ids/mp4/2013-11-5210-wicked-wickedness-1500k-ase.mp4
wide, https://media.signbsl.com/videos/asl/signlanguagestudent/mp4/wide.mp4
wide awake, https://media.signbsl.com/videos/asl/youtube/mp4/1Cqk_wqtmRk.mp4
wideband, https://media.signbsl.com/videos/asl/youtube/mp4/OVzRr4zzaW4.mp4
widen, https://media.signbsl.com/videos/asl/aslsearch/mp4/extend.mp4
wide receiver, https://media.signbsl.com/videos/asl/youtube/mp4/CXypr--rxG8.mp4
widget, https://media.signbsl.com/videos/asl/youtube/mp4/CFd-vgfyGog.mp4
widow, https://media.signbsl.com/videos/asl/youtube/mp4/Xl3yRcv1uIs.mp4
widowed, https://media.signbsl.com/videos/asl/youtube/mp4/OXrzlZ0BIRY.mp4
widower, https://media.signbsl.com/videos/asl/youtube/mp4/DU4WBoqeW84.mp4
widowman, https://media.signbsl.com/videos/asl/youtube/mp4/DU4WBoqeW84.mp4
widow woman, https://media.signbsl.com/videos/asl/youtube/mp4/Xl3yRcv1uIs.mp4
width, https://player.vimeo.com/external/392627077.sd.mp4?s=ed0131528c9ef6809e5ab6616164a9bea5d56899&profile_id=164
wield, https://media.signbsl.com/videos/asl/youtube/mp4/bsRQrh3A0Co.mp4
wiener, https://media.signbsl.com/videos/asl/startasl/mp4/hotdog.mp4
wienerwurst, https://media.signbsl.com/videos/asl/startasl/mp4/hotdog.mp4
wife, https://media.signbsl.com/videos/asl/startasl/mp4/wife.mp4
wifelike, https://media.signbsl.com/videos/asl/youtube/mp4/EOSWRnQazSU.mp4
wifely, https://media.signbsl.com/videos/asl/youtube/mp4/EOSWRnQazSU.mp4
WiFi, https://media.signbsl.com/videos/asl/deaftec/mp4/1093.mp4
wi fi, https://media.signbsl.com/videos/asl/deaftec/mp4/1093.mp4
wig, https://player.vimeo.com/external/392627109.sd.mp4?s=8c86521e16ad6280cd58eb3e8dbabaf3bb7e080e&profile_id=164
wiggly, https://media.signbsl.com/videos/asl/youtube/mp4/XdS0Jn1nBf0.mp4
wild, https://media.signbsl.com/videos/asl/youtube/mp4/qRd8U9B4lz8.mp4
wild blue yonder, https://media.signbsl.com/videos/asl/youtube/mp4/RPrVjRi-rGg.mp4
wildcat, https://media.signbsl.com/videos/asl/youtube/mp4/5vxnmf__dYs.mp4
wildcat well, https://media.signbsl.com/videos/asl/youtube/mp4/5vxnmf__dYs.mp4
wildebeest, https://media.signbsl.com/videos/asl/deaftec/mp4/983.mp4
wilderness, https://media.signbsl.com/videos/asl/ids/mp4/2013-11-5220-wilderness-1500k-ase.mp4
wild facial expressions, https://media.signbsl.com/videos/asl/youtube/mp4/QjcuvraPi2U.mp4
wile, https://media.signbsl.com/videos/asl/youtube/mp4/qW_jfnDCcvQ.mp4
wilful, https://media.signbsl.com/videos/asl/youtube/mp4/jpTeh4c4lsU.mp4
wiliness, https://media.signbsl.com/videos/asl/youtube/mp4/zbf2Q-WwC6k.mp4
will, https://media.signbsl.com/videos/asl/signlanguagestudent/mp4/will%20(I%20will).mp4
will document, https://player.vimeo.com/external/392627147.sd.mp4?s=a7655144e42a7073ffcc413903fc1061b7d1b869&profile_id=164
willful, https://media.signbsl.com/videos/asl/youtube/mp4/jpTeh4c4lsU.mp4
will go contraction, https://media.signbsl.com/videos/asl/aslsignbank/mp4/WILL-GO-1435.mp4
William Clark, https://media.signbsl.com/videos/asl/elementalaslconcepts/mp4/william_clark.mp4
willing, https://media.signbsl.com/videos/asl/aslsignbank/mp4/WILLING-1437.mp4
will not, https://player.vimeo.com/external/392627131.sd.mp4?s=63f7744f9079e64b017701f58d90f1e4ab2eb66c&profile_id=164
will of god, https://media.signbsl.com/videos/asl/valleybible/mp4/Will%20of%20God.mp4
Will of the Lord, https://media.signbsl.com/videos/asl/ids/mp4/2013-11-5230-will-of-the-lord-1500k-ase.mp4
willpower, https://media.signbsl.com/videos/asl/youtube/mp4/oBdodUVkgu0.mp4
will teach contraction, https://media.signbsl.com/videos/asl/aslsignbank/mp4/WILL-TEACH-1436.mp4
will willing, https://media.signbsl.com/videos/asl/signlanguagestudent/mp4/will%20(willing).mp4
willy nilly, https://media.signbsl.com/videos/asl/youtube/mp4/hg9oo6z9gAA.mp4
wilt, https://media.signbsl.com/videos/asl/aslsearch/mp4/wilt.mp4
wily, https://media.signbsl.com/videos/asl/youtube/mp4/6ghfSzLcMK0.mp4
wimble, https://media.signbsl.com/videos/asl/youtube/mp4/YeNoGAMGCEE.mp4
wimp, https://media.signbsl.com/videos/asl/aslsearch/mp4/chicken.mp4
wimpish, https://media.signbsl.com/videos/asl/youtube/mp4/Ug9UQ2KEguo.mp4
wimpy, https://media.signbsl.com/videos/asl/youtube/mp4/Ug9UQ2KEguo.mp4
win, https://media.signbsl.com/videos/asl/startasl/mp4/win.mp4
wince, https://media.signbsl.com/videos/asl/aslsearch/mp4/quail.mp4
Winchester drive, https://media.signbsl.com/videos/asl/mariekatzenbachschool/mp4/hard%20drive.mp4
wind, https://media.signbsl.com/videos/asl/startasl/mp4/wind.mp4
windbreaker, https://media.signbsl.com/videos/asl/youtube/mp4/waiaIJTDinM.mp4
windcheater, https://media.signbsl.com/videos/asl/youtube/mp4/waiaIJTDinM.mp4
windchill, https://media.signbsl.com/videos/asl/youtube/mp4/t48OMoG3m40.mp4
windfall, https://player.vimeo.com/external/391209170.sd.mp4?s=2110fe5b0577ef3e5920496466c9682dd3607378&profile_id=164
wind gage, https://media.signbsl.com/videos/asl/youtube/mp4/jm-g9eGv3dg.mp4
wind gauge, https://media.signbsl.com/videos/asl/youtube/mp4/jm-g9eGv3dg.mp4
windier, https://media.signbsl.com/videos/asl/youtube/mp4/O0krCT9n6rI.mp4
windily, https://media.signbsl.com/videos/asl/youtube/mp4/6YRbpujFO0U.mp4
winding, https://media.signbsl.com/videos/asl/youtube/mp4/eydpOTs6nTE.mp4
winding clothes, https://media.signbsl.com/videos/asl/youtube/mp4/OgX_TW-OsDo.mp4
winding road, https://media.signbsl.com/videos/asl/youtube/mp4/vQCSZGFqHNE.mp4
winding sheet, https://media.signbsl.com/videos/asl/youtube/mp4/OgX_TW-OsDo.mp4
windless, https://media.signbsl.com/videos/asl/youtube/mp4/kFyapLQT2n0.mp4
windmill, https://media.signbsl.com/videos/asl/youtube/mp4/NbFY7bepBTg.mp4
window, https://media.signbsl.com/videos/asl/startasl/mp4/window.mp4
window glass, https://media.signbsl.com/videos/asl/aslsignbank/mp4/WINDOW-322.mp4
window latch, https://media.signbsl.com/videos/asl/youtube/mp4/KJL-C2oTiCw.mp4
windowless, https://media.signbsl.com/videos/asl/youtube/mp4/LJAJN_Q0kXo.mp4
windowsill, https://media.signbsl.com/videos/asl/aslsearch/mp4/windowsill.mp4
windpipe, https://media.signbsl.com/videos/asl/youtube/mp4/jmeOVgFfJfQ.mp4
windscreen, https://media.signbsl.com/videos/asl/aslsearch/mp4/windshield.mp4
windscreen wiper, https://media.signbsl.com/videos/asl/aslsearch/mp4/windshield-wipers.mp4
windshield, https://media.signbsl.com/videos/asl/aslsearch/mp4/windshield.mp4
windshield wiper, https://media.signbsl.com/videos/asl/aslsearch/mp4/windshield-wipers.mp4
windshield wipers, https://media.signbsl.com/videos/asl/aslsearch/mp4/windshield-wipers.mp4
windsurf, https://media.signbsl.com/videos/asl/youtube/mp4/wl4KeUgFhtM.mp4
windsurfer, https://media.signbsl.com/videos/asl/youtube/mp4/1XRPuWWcqfE.mp4
windsurfing, https://player.vimeo.com/external/392627286.sd.mp4?s=6672c123dccc02316ac03faa6d03c4c56f993c7c&profile_id=164
wind up, https://media.signbsl.com/videos/asl/youtube/mp4/tVOmpS4cPFM.mp4
windy, https://media.signbsl.com/videos/asl/aslsearch/mp4/breezy.mp4
wine, https://media.signbsl.com/videos/asl/aslsearch/mp4/wine.mp4
wine maker, https://media.signbsl.com/videos/asl/youtube/mp4/dG_6lDMMpjk.mp4
winemaker, https://media.signbsl.com/videos/asl/youtube/mp4/dG_6lDMMpjk.mp4
wing, https://player.vimeo.com/external/392627576.sd.mp4?s=77d882d77f5861adcd12f7b60a0ce626c57ff9de&profile_id=164
wingless, https://media.signbsl.com/videos/asl/youtube/mp4/61fJMWr8g5A.mp4
wings down, https://media.signbsl.com/videos/asl/youtube/mp4/0JQiRfcJp3k.mp4
wings up, https://media.signbsl.com/videos/asl/youtube/mp4/Ihl0sNL75NA.mp4
wink, https://media.signbsl.com/videos/asl/aslsignbank/mp4/CLOSE-EYES-1983.mp4
winker, https://media.signbsl.com/videos/asl/youtube/mp4/H-krRWSxIYA.mp4
winkle, https://player.vimeo.com/external/392538822.sd.mp4?s=f366cb87dabf3339a83aadaa7170fd2e1eea0a14&profile_id=164
winless, https://media.signbsl.com/videos/asl/youtube/mp4/uGMQAJaOI0c.mp4
Winnebago, https://media.signbsl.com/videos/asl/youtube/mp4/RoF4r4SQ67E.mp4
winner, https://media.signbsl.com/videos/asl/aslsearch/mp4/winner.mp4
winningest, https://media.signbsl.com/videos/asl/youtube/mp4/faXyc-G6e0s.mp4
Winnipeg, https://player.vimeo.com/external/392627630.sd.mp4?s=be0c85e0b34788027450f62112357b681a4ca029&profile_id=164
win over, https://media.signbsl.com/videos/asl/aslsignbank/mp4/CONVINCE-1138.mp4
winsome, https://media.signbsl.com/videos/asl/youtube/mp4/KLUnnvGs3fQ.mp4
winter, https://media.signbsl.com/videos/asl/startasl/mp4/winter.mp4
winter solstice, https://player.vimeo.com/external/392627648.sd.mp4?s=1451cac7978f935d9e9df700344b426253570694&profile_id=164
wintertime, https://media.signbsl.com/videos/asl/startasl/mp4/winter.mp4
wintry, https://media.signbsl.com/videos/asl/youtube/mp4/6Qj1kzVcU-g.mp4
wipe, https://media.signbsl.com/videos/asl/aslsearch/mp4/wipe.mp4
wiped out, https://media.signbsl.com/videos/asl/aslsignbank/mp4/POOR-222.mp4
wipe mouth, https://media.signbsl.com/videos/asl/aslsearch/mp4/wipe2.mp4
wipe out, https://media.signbsl.com/videos/asl/aslsearch/mp4/use-up.mp4
wiper, https://media.signbsl.com/videos/asl/aslsearch/mp4/windshield-wipers.mp4
wiper blade, https://media.signbsl.com/videos/asl/aslsearch/mp4/windshield-wipers.mp4
wipe up, https://media.signbsl.com/videos/asl/aslsearch/mp4/mop.mp4
wire, https://media.signbsl.com/videos/asl/aslsearch/mp4/wire.mp4
wire cutter, https://media.signbsl.com/videos/asl/AustinCommunityCollege/mp4/weld_wirecutters_.mp4
wire cutters, https://media.signbsl.com/videos/asl/AustinCommunityCollege/mp4/weld_wirecutters_.mp4
wired equivalent privacy wep, https://media.signbsl.com/videos/asl/deaftec/mp4/1094.mp4
wire diagramschematic, https://media.signbsl.com/videos/asl/AustinCommunityCollege/mp4/auto_wire_diagram_.mp4
wire feed speed, https://media.signbsl.com/videos/asl/AustinCommunityCollege/mp4/weld_wire_feedspeed_.mp4
wire harness, https://media.signbsl.com/videos/asl/AustinCommunityCollege/mp4/auto_wire_harness_.mp4
wireless, https://media.signbsl.com/videos/asl/startasl/mp4/radio.mp4
wireless fidelity, https://media.signbsl.com/videos/asl/deaftec/mp4/1093.mp4
wireless local area network, https://media.signbsl.com/videos/asl/deaftec/mp4/1093.mp4
wireless router, https://player.vimeo.com/external/392627727.sd.mp4?s=73285fbdb914ac51904a6134fb77b69c28a9f04d&profile_id=164
wire put wires in or on, https://media.signbsl.com/videos/asl/youtube/mp4/7Ousd4l0HPw.mp4
wire spool, https://media.signbsl.com/videos/asl/AustinCommunityCollege/mp4/weld_wirespool_.mp4
wiretap, https://player.vimeo.com/external/392627746.sd.mp4?s=56ab07ab11637e41183a1e15e5298c3dfd54b207&profile_id=164
wiretapper, https://media.signbsl.com/videos/asl/youtube/mp4/zoREOpA7wzk.mp4
wirier, https://media.signbsl.com/videos/asl/youtube/mp4/onKHrAm4Chs.mp4
wiriness, https://media.signbsl.com/videos/asl/youtube/mp4/2mzstnEEpfQ.mp4
Wisconsin, https://media.signbsl.com/videos/asl/youtube/mp4/CyAUlac8L6U.mp4
wisdom, https://media.signbsl.com/videos/asl/ids/mp4/2013-11-5250-wisdom-1500k-ase.mp4
wisdom teeth, https://media.signbsl.com/videos/asl/youtube/mp4/0POUAc3p2DU.mp4
wise, https://media.signbsl.com/videos/asl/aslsearch/mp4/wise.mp4
wise man, https://media.signbsl.com/videos/asl/youtube/mp4/9dwRiKY8kaw.mp4
wiser, https://media.signbsl.com/videos/asl/youtube/mp4/uqW8NC5Drfg.mp4
wish, https://media.signbsl.com/videos/asl/signlanguagestudent/mp4/wish.mp4
wishy washy, https://media.signbsl.com/videos/asl/youtube/mp4/hgnf8tlaPvs.mp4
wispy, https://media.signbsl.com/videos/asl/aslsearch/mp4/vague.mp4
wistful, https://player.vimeo.com/external/392627777.sd.mp4?s=70ef906428dc760396fa7cf6255ae506f591f5c1&profile_id=164
wit, https://player.vimeo.com/external/392186788.sd.mp4?s=fdb8be36d51929e229c945876d7ee5a1fc59846a&profile_id=164
witch, https://media.signbsl.com/videos/asl/aslsearch/mp4/witch.mp4
witching, https://media.signbsl.com/videos/asl/youtube/mp4/w1ndSy0nrUk.mp4
with, https://media.signbsl.com/videos/asl/startasl/mp4/with.mp4
with a jerk, https://media.signbsl.com/videos/asl/youtube/mp4/c6EhpklYAbc.mp4
withal, https://media.signbsl.com/videos/asl/aslsearch/mp4/however.mp4
with child, https://media.signbsl.com/videos/asl/youtube/mp4/gO-yU-cXPE4.mp4
withdraw, https://media.signbsl.com/videos/asl/aslsearch/mp4/disengage.mp4
withdrawal, https://media.signbsl.com/videos/asl/tsdvideo/mp4/357.mp4
withdraw funds, https://media.signbsl.com/videos/asl/youtube/mp4/9Z3BT6yShK8.mp4
withdrawn, https://media.signbsl.com/videos/asl/youtube/mp4/VhC95o-aVl0.mp4
within, https://player.vimeo.com/external/392627892.sd.mp4?s=74c6d90e4b446628aa117a5d16bad7d3c5020530&profile_id=164
within reason, https://media.signbsl.com/videos/asl/youtube/mp4/yMcEKzDKFlU.mp4
with it, https://media.signbsl.com/videos/asl/youtube/mp4/UFma1G7TCj4.mp4
without, https://media.signbsl.com/videos/asl/startasl/mp4/without.mp4
without doubt, https://media.signbsl.com/videos/asl/youtube/mp4/yDtd6XAypd4.mp4
withstand, https://player.vimeo.com/external/392627939.sd.mp4?s=05bfca219452da90306aca317700729498f81317&profile_id=164
with that, https://media.signbsl.com/videos/asl/youtube/mp4/I7aevbsWkE4.mp4
with the wind, https://media.signbsl.com/videos/asl/youtube/mp4/ZQ7vvdBL83U.mp4
witless, https://media.signbsl.com/videos/asl/youtube/mp4/4lN9uC3VLc0.mp4
witness, https://media.signbsl.com/videos/asl/ids/mp4/2013-11-5260-witness-1500k-ase.mp4
witnessed, https://media.signbsl.com/videos/asl/youtube/mp4/ojyMvH5A5VE.mp4
witness person, https://player.vimeo.com/external/392627983.sd.mp4?s=9c50d2a48ba1a50933f766bda55f3903b5c0a22f&profile_id=164
wits, https://media.signbsl.com/videos/asl/youtube/mp4/SYoHkdzs4bU.mp4
Wittgenstein, https://media.signbsl.com/videos/asl/philosophy/mp4/Wittgenstein-HD.mp4
witticism, https://player.vimeo.com/external/392186788.sd.mp4?s=fdb8be36d51929e229c945876d7ee5a1fc59846a&profile_id=164
wittier, https://media.signbsl.com/videos/asl/youtube/mp4/IgWqkuVdeH0.mp4
wittily, https://media.signbsl.com/videos/asl/youtube/mp4/gCJ1aIFU5VQ.mp4
wittiness, https://player.vimeo.com/external/392186788.sd.mp4?s=fdb8be36d51929e229c945876d7ee5a1fc59846a&profile_id=164
witting, https://media.signbsl.com/videos/asl/aslsearch/mp4/aware.mp4
wive marry a woman, https://media.signbsl.com/videos/asl/youtube/mp4/6NdQf9b98NI.mp4
wiz, https://media.signbsl.com/videos/asl/aslsignbank/mp4/SET-RECORD-2310.mp4
wizard, https://media.signbsl.com/videos/asl/aslsignbank/mp4/SET-RECORD-2310.mp4
wizardly, https://media.signbsl.com/videos/asl/youtube/mp4/w1ndSy0nrUk.mp4
WLAN, https://media.signbsl.com/videos/asl/deaftec/mp4/1093.mp4
woah, https://media.signbsl.com/videos/asl/startasl/mp4/wow.mp4
wobble, https://media.signbsl.com/videos/asl/youtube/mp4/rsFyKUUcbpQ.mp4
wobbling walk, https://player.vimeo.com/external/392628008.sd.mp4?s=da7379714d49eab899085518d84d7b3731cc6121&profile_id=164
wolf, https://media.signbsl.com/videos/asl/aslsearch/mp4/wolf.mp4
wolf down, https://player.vimeo.com/external/392628044.sd.mp4?s=7bc981a09951034cfba3fcfbb1b9f9e09b8f2493&profile_id=164
wolfish, https://media.signbsl.com/videos/asl/youtube/mp4/rRrJTBhzZzI.mp4
wolfman, https://media.signbsl.com/videos/asl/thefamilyvocab/mp4/werewolf.mp4
wolfram, https://media.signbsl.com/videos/asl/AustinCommunityCollege/mp4/weld_tungsten_.mp4
Wolverine, https://player.vimeo.com/external/392628086.sd.mp4?s=7ccb5fb0322717943084953f6f286ba90e980d60&profile_id=164
woman, https://media.signbsl.com/videos/asl/startasl/mp4/woman.mp4
woman hater, https://media.signbsl.com/videos/asl/youtube/mp4/-m6NwJdp3mo.mp4
womanhood, https://media.signbsl.com/videos/asl/youtube/mp4/q2nbL0eya1w.mp4
womanise, https://player.vimeo.com/external/392628128.sd.mp4?s=f51a206e4542530e57824f938a3328af4d72530b&profile_id=164
womaniser, https://media.signbsl.com/videos/asl/youtube/mp4/FvCJhUIEw20.mp4
womanish, https://media.signbsl.com/videos/asl/youtube/mp4/OoD70txnFl0.mp4
womanize, https://player.vimeo.com/external/392628128.sd.mp4?s=f51a206e4542530e57824f938a3328af4d72530b&profile_id=164
womanizer, https://media.signbsl.com/videos/asl/youtube/mp4/FvCJhUIEw20.mp4
woman of the house, https://media.signbsl.com/videos/asl/youtube/mp4/Gzp-p-SrL3U.mp4
woman of the street, https://media.signbsl.com/videos/asl/aslsearch/mp4/whore.mp4
womans doctor, https://media.signbsl.com/videos/asl/aslsearch/mp4/gynecologist.mp4
womb to tomb, https://media.signbsl.com/videos/asl/youtube/mp4/3q9JIvx8qYY.mp4
womens equality day, https://player.vimeo.com/external/392759846.sd.mp4?s=6dd54fb4aa7c24589f3a94582d3644f0fe42d032&profile_id=164
womens lib, https://player.vimeo.com/external/392125445.sd.mp4?s=7f1cc7537b8938418eac035b61a9e45037c223f6&profile_id=164
womens liberationist, https://media.signbsl.com/videos/asl/youtube/mp4/8QWdOna8qpw.mp4
womens liberation movement, https://player.vimeo.com/external/392125445.sd.mp4?s=7f1cc7537b8938418eac035b61a9e45037c223f6&profile_id=164
womens rightist, https://media.signbsl.com/videos/asl/youtube/mp4/8QWdOna8qpw.mp4
womens rights, https://media.signbsl.com/videos/asl/elementalaslconcepts/mp4/womens_rights.mp4
won't, https://player.vimeo.com/external/392627131.sd.mp4?s=63f7744f9079e64b017701f58d90f1e4ab2eb66c&profile_id=164
wonder, https://media.signbsl.com/videos/asl/youtube/mp4/c3qwfnVEeM0.mp4
wonderful, https://media.signbsl.com/videos/asl/startasl/mp4/wonderful.mp4
wondering, https://player.vimeo.com/external/392210024.sd.mp4?s=37c863a8a8578ca0d1be901da65d2e844eff4a72&profile_id=164
wonder woman, https://player.vimeo.com/external/392628157.sd.mp4?s=ddeb47724ffc73daa030400770ecaa1d20718c52&profile_id=164
wondrous, https://media.signbsl.com/videos/asl/startasl/mp4/wonderful.mp4
wonk, https://player.vimeo.com/external/392381191.sd.mp4?s=469d98b8ea7cc9d3952b27307d3eb1d8f7563246&profile_id=164
wonky, https://media.signbsl.com/videos/asl/aslsearch/mp4/lopsided.mp4
wont, https://player.vimeo.com/external/392627131.sd.mp4?s=63f7744f9079e64b017701f58d90f1e4ab2eb66c&profile_id=164
wonted, https://player.vimeo.com/external/391915299.sd.mp4?s=5d5040fa8fdf14cbe72643add36df5d04a62a70b&profile_id=164
woo, https://media.signbsl.com/videos/asl/youtube/mp4/S09LbNR8OFY.mp4
wood, https://media.signbsl.com/videos/asl/startasl/mp4/wood.mp4
woodcarver, https://media.signbsl.com/videos/asl/youtube/mp4/-5u5FIy5qOs.mp4
woodcarving, https://player.vimeo.com/external/392633260.sd.mp4?s=80e1a7646ed97359553ad4f82170f952bf255ce6&profile_id=164
woodchuck, https://media.signbsl.com/videos/asl/thefamilyvocab/mp4/groundhog.mp4
wood coal, https://media.signbsl.com/videos/asl/aslsearch/mp4/charcoal.mp4
woodcutter, https://media.signbsl.com/videos/asl/youtube/mp4/i4hl5ZfNRNE.mp4
wooden actor not expressive, https://media.signbsl.com/videos/asl/youtube/mp4/aVDfYhLLdtE.mp4
wooden cutting board, https://player.vimeo.com/external/392759896.sd.mp4?s=192354226c31df1b40a955aa9a249b665e31bde5&profile_id=164
woodlet, https://media.signbsl.com/videos/asl/aslsearch/mp4/orchard.mp4
woodman, https://media.signbsl.com/videos/asl/youtube/mp4/KWoAibbogHs.mp4
woodpecker, https://media.signbsl.com/videos/asl/aslsearch/mp4/woodpecker.mp4
woodpile, https://media.signbsl.com/videos/asl/youtube/mp4/aammMn6GtwU.mp4
wood pussy, https://media.signbsl.com/videos/asl/aslsearch/mp4/skunk.mp4
wood rabbit, https://media.signbsl.com/videos/asl/youtube/mp4/uIHawPqc7is.mp4
woods, https://media.signbsl.com/videos/asl/startasl/mp4/forest.mp4
woodshed, https://media.signbsl.com/videos/asl/youtube/mp4/KS6Ti7Rd2IY.mp4
woodshop, https://player.vimeo.com/external/392633336.sd.mp4?s=5acb7803478f150a24c9207aa4ae9a0f52305f3a&profile_id=164
woodsiness, https://media.signbsl.com/videos/asl/youtube/mp4/F7ZJNDfhLT4.mp4
woodsman, https://media.signbsl.com/videos/asl/youtube/mp4/KWoAibbogHs.mp4
woodwork, https://media.signbsl.com/videos/asl/youtube/mp4/PpzTEqyxn1g.mp4
woodworker, https://media.signbsl.com/videos/asl/youtube/mp4/KWoAibbogHs.mp4
woodworking, https://media.signbsl.com/videos/asl/aslsearch/mp4/carpentry.mp4
wooer, https://media.signbsl.com/videos/asl/youtube/mp4/LHo5eN8glf4.mp4
wooing, https://player.vimeo.com/external/391910821.sd.mp4?s=d7ece049093fab7ce86001536e93da697ac058cb&profile_id=164
wool, https://player.vimeo.com/external/392633355.sd.mp4?s=bc6c349482ffe5bd98719b63f6004d362eab6f33&profile_id=164
woolen, https://player.vimeo.com/external/392633355.sd.mp4?s=bc6c349482ffe5bd98719b63f6004d362eab6f33&profile_id=164
woolgather, https://media.signbsl.com/videos/asl/aslsignbank/mp4/DREAM-1277.mp4
woolgatherer, https://media.signbsl.com/videos/asl/youtube/mp4/UM1S1YK0Dqc.mp4
woolgathering, https://media.signbsl.com/videos/asl/youtube/mp4/o4aKOiQIM0w.mp4
woolie, https://media.signbsl.com/videos/asl/youtube/mp4/sLyH1oBSxag.mp4
woollen, https://player.vimeo.com/external/392633355.sd.mp4?s=bc6c349482ffe5bd98719b63f6004d362eab6f33&profile_id=164
woot, https://media.signbsl.com/videos/asl/youtube/mp4/s4ewJrITt4I.mp4
woozy, https://media.signbsl.com/videos/asl/startasl/mp4/dizzy.mp4
word, https://media.signbsl.com/videos/asl/signlanguagestudent/mp4/word.mp4
wordbook, https://media.signbsl.com/videos/asl/youtube/mp4/Zl4VcF5dN_w.mp4
word form, https://media.signbsl.com/videos/asl/tsdvideo/mp4/526.mp4
word how you say something, https://media.signbsl.com/videos/asl/youtube/mp4/FzWYvglcPEw.mp4
wordily, https://media.signbsl.com/videos/asl/youtube/mp4/6YRbpujFO0U.mp4
wording, https://media.signbsl.com/videos/asl/youtube/mp4/QrJDaf7cGnw.mp4
wordless, https://player.vimeo.com/external/392378688.sd.mp4?s=2062ef349a7c38831a33595b57ef7123ae820cd5&profile_id=164
word of farewell, https://player.vimeo.com/external/392124493.sd.mp4?s=158584b21fc9ecc872dfba6cff70b1fc915dbfec&profile_id=164
Word of God, https://media.signbsl.com/videos/asl/startasl/mp4/bible.mp4
word of mouth, https://media.signbsl.com/videos/asl/youtube/mp4/zsZ8GCB2y5s.mp4
Word of Wisdom, https://media.signbsl.com/videos/asl/ids/mp4/2013-11-5280-word-of-wisdom-1500k-ase.mp4
word order, https://player.vimeo.com/external/392633387.sd.mp4?s=df52e760ce50dd9c8460a9562404dfc10349bf87&profile_id=164
wordplay, https://media.signbsl.com/videos/asl/youtube/mp4/7-9nt-WoATM.mp4
word problem, https://media.signbsl.com/videos/asl/elementalaslconcepts/mp4/word_problem.mp4
words, https://media.signbsl.com/videos/asl/signlanguagestudent/mp4/words.mp4
word splitting, https://player.vimeo.com/external/383546854.sd.mp4?s=40c595d2ceac9a1ffec74b069f5a826c25111ad6&profile_id=164&oauth2_token_id=1269733722
wordy, https://media.signbsl.com/videos/asl/youtube/mp4/3T8r8wJDUik.mp4
work, https://media.signbsl.com/videos/asl/startasl/mp4/work.mp4
workaday, https://media.signbsl.com/videos/asl/aslsearch/mp4/everyday.mp4
workaholic, https://player.vimeo.com/external/392633541.sd.mp4?s=2aafbd0e29f692005fb1e2d1449764e113d0feea&profile_id=164
work at something, https://media.signbsl.com/videos/asl/youtube/mp4/xjpJ3R1cWss.mp4
workbag, https://media.signbsl.com/videos/asl/youtube/mp4/SGqGbfeTYDk.mp4
workbasket, https://media.signbsl.com/videos/asl/youtube/mp4/SGqGbfeTYDk.mp4
workbox, https://media.signbsl.com/videos/asl/youtube/mp4/SGqGbfeTYDk.mp4
workday, https://media.signbsl.com/videos/asl/youtube/mp4/4HuB3kOHwuI.mp4
worked out, https://media.signbsl.com/videos/asl/youtube/mp4/7d7M9kxmO64.mp4
worked up, https://media.signbsl.com/videos/asl/youtube/mp4/C59jcSo4fEI.mp4
worker, https://media.signbsl.com/videos/asl/aslsearch/mp4/worker.mp4
workfellow, https://player.vimeo.com/external/391391785.sd.mp4?s=a7b70c8cfb893c24409e7fb31c37f08a64aa6804&profile_id=164
work force, https://media.signbsl.com/videos/asl/signlanguagestudent/mp4/hands.mp4
workforce, https://media.signbsl.com/videos/asl/signlanguagestudent/mp4/hands.mp4
work grind, https://media.signbsl.com/videos/asl/youtube/mp4/SC_gLyVQRRE.mp4
work hand in hand work together, https://media.signbsl.com/videos/asl/youtube/mp4/gQowPyb3PZU.mp4
workhorse, https://media.signbsl.com/videos/asl/youtube/mp4/Ig4sjo7JC2o.mp4
workhouse, https://media.signbsl.com/videos/asl/youtube/mp4/TUsg7Huw6rk.mp4
work in, https://media.signbsl.com/videos/asl/youtube/mp4/w7DsRXYYfYw.mp4
working, https://media.signbsl.com/videos/asl/signlanguagestudent/mp4/working.mp4
working class, https://player.vimeo.com/external/391206430.sd.mp4?s=f58c378ed8390a841fc16325459c2b597f0c3f60&profile_id=164
working day, https://media.signbsl.com/videos/asl/youtube/mp4/4HuB3kOHwuI.mp4
working girl, https://media.signbsl.com/videos/asl/aslsearch/mp4/whore.mp4
workingman, NA
workings, https://media.signbsl.com/videos/asl/youtube/mp4/7ss_mO2Bg8Q.mp4
workingwoman, https://media.signbsl.com/videos/asl/youtube/mp4/48-q5Vahjk0.mp4
workload, https://media.signbsl.com/videos/asl/youtube/mp4/7WNBKp-labo.mp4
work out, https://media.signbsl.com/videos/asl/aslsignbank/mp4/FIGURE-730.mp4
workout, https://media.signbsl.com/videos/asl/aslsignbank/mp4/FIGURE-730.mp4
work over, https://player.vimeo.com/external/391197344.sd.mp4?s=1126f00cd0a8f2981422e5259bc6c4d71b5bb4aa&profile_id=164
work retreat, https://media.signbsl.com/videos/asl/youtube/mp4/k34Wio_U--E.mp4
works, https://media.signbsl.com/videos/asl/signlanguagestudent/mp4/works.mp4
work shoe, https://media.signbsl.com/videos/asl/youtube/mp4/x0TfKGZIcXM.mp4
workshop, https://media.signbsl.com/videos/asl/startasl/mp4/workshop.mp4
work shy, https://player.vimeo.com/external/392199499.sd.mp4?s=a0af72b8a62bc40793656539a344e4d71fa6b697&profile_id=164
works successful, https://media.signbsl.com/videos/asl/signlanguagestudent/mp4/works%20(successful).mp4
work stoppage, https://player.vimeo.com/external/392481526.sd.mp4?s=4d0cb330272e6ae9e9fda7520a65bb6936ec0ba0&profile_id=164
work through, https://media.signbsl.com/videos/asl/aslsignbank/mp4/GO-THROUGH-1873.mp4
work up, https://media.signbsl.com/videos/asl/youtube/mp4/jaAxLo4D2ZY.mp4
world, https://media.signbsl.com/videos/asl/aslsignbank/mp4/ALUMNI-2232.mp4
world class, https://media.signbsl.com/videos/asl/aslsearch/mp4/first2.mp4
world federation of the deaf, https://player.vimeo.com/external/392633651.sd.mp4?s=2082c6d8d38202c524986c0f7ffa7c1215d720e7&profile_id=164
World Health Organization, https://player.vimeo.com/external/392633700.sd.mp4?s=affec2c43f0b64a8f24ccd6b876b12e16afb3745&profile_id=164
worldliness, https://media.signbsl.com/videos/asl/youtube/mp4/st65YtKSlt4.mp4
worldly, https://player.vimeo.com/external/392633774.sd.mp4?s=6ef4899d662c585259efd09cd21fca3dfca40746&profile_id=164
world power, https://media.signbsl.com/videos/asl/youtube/mp4/8-wL-wpQszw.mp4
World Series, https://player.vimeo.com/external/392759977.sd.mp4?s=d717dd7a027e6934e9eef633c3af2419f174f40a&profile_id=164
worlds fair, https://media.signbsl.com/videos/asl/elementalaslconcepts/mp4/worlds_fair.mp4
world traveler, https://media.signbsl.com/videos/asl/youtube/mp4/Nv1mvCXZUvs.mp4
World War 1, https://media.signbsl.com/videos/asl/elementalaslconcepts/mp4/world_war_i.mp4
World War 2, https://media.signbsl.com/videos/asl/elementalaslconcepts/mp4/world_war_ii.mp4
World War I, https://media.signbsl.com/videos/asl/elementalaslconcepts/mp4/world_war_i.mp4
World War II, https://media.signbsl.com/videos/asl/elementalaslconcepts/mp4/world_war_ii.mp4
worldwide, https://media.signbsl.com/videos/asl/philosophy/mp4/Universal-HD.mp4
World Wide Web, https://media.signbsl.com/videos/asl/deaftec/mp4/1095.mp4
worm, https://media.signbsl.com/videos/asl/aslsearch/mp4/worm.mp4
wormlike, https://media.signbsl.com/videos/asl/youtube/mp4/ayNEjuTQXBM.mp4
wormy, https://media.signbsl.com/videos/asl/youtube/mp4/ayNEjuTQXBM.mp4
worn, https://media.signbsl.com/videos/asl/youtube/mp4/M5Psjq7zDjg.mp4
worn out, https://media.signbsl.com/videos/asl/aslsignbank/mp4/WORN-OUT-1461.mp4
worn the heels out with scratching in the yard, https://media.signbsl.com/videos/asl/youtube/mp4/yJT4bxLnkbU.mp4
worried, https://media.signbsl.com/videos/asl/startasl/mp4/upset.mp4
worrier, https://media.signbsl.com/videos/asl/youtube/mp4/12zPMOTvCTg.mp4
worriment, https://player.vimeo.com/external/392865334.sd.mp4?s=9b4ecb782d90708b5f65af2af30da669cfd5a319&profile_id=164
worry, https://media.signbsl.com/videos/asl/aslsearch/mp4/worry.mp4
worrywart, https://media.signbsl.com/videos/asl/youtube/mp4/12zPMOTvCTg.mp4
worse, https://media.signbsl.com/videos/asl/aslsearch/mp4/worse.mp4
worsen, https://media.signbsl.com/videos/asl/aslsearch/mp4/aggravate.mp4
worship, https://media.signbsl.com/videos/asl/ids/mp4/2013-11-5290-worship-1500k-ase.mp4
worshiper, https://media.signbsl.com/videos/asl/youtube/mp4/p1CHtTtkeTE.mp4
worshipper, https://media.signbsl.com/videos/asl/youtube/mp4/p1CHtTtkeTE.mp4
worship someone, https://media.signbsl.com/videos/asl/youtube/mp4/O-nEPNjP45c.mp4
worst, https://player.vimeo.com/external/392633988.sd.mp4?s=acf2248fb8a6851fd2ef6a4e2c14967c87af7cde&profile_id=164
worth, https://player.vimeo.com/external/392634022.sd.mp4?s=d49c5f3866e77c92306035fac1f8cf0a247e1c7c&profile_id=164
worthier, https://media.signbsl.com/videos/asl/youtube/mp4/BkWMeC2KsF4.mp4
worthies, https://media.signbsl.com/videos/asl/ids/mp4/2013-11-5300-worthy-1500k-ase.mp4
worthless, https://media.signbsl.com/videos/asl/aslsearch/mp4/worthless.mp4
worthy, https://media.signbsl.com/videos/asl/ids/mp4/2013-11-5300-worthy-1500k-ase.mp4
would, https://media.signbsl.com/videos/asl/signlanguagestudent/mp4/would.mp4
wouldnt, https://media.signbsl.com/videos/asl/signlanguagestudent/mp4/wouldn't.mp4
would you like to go to dinner, https://media.signbsl.com/videos/asl/startasl/mp4/would-you-like-to-go-to-dinner.mp4
would you mind, https://media.signbsl.com/videos/asl/youtube/mp4/NiqXlmNK2GQ.mp4
wound, https://media.signbsl.com/videos/asl/aslsearch/mp4/injure.mp4
wow, https://media.signbsl.com/videos/asl/startasl/mp4/wow.mp4
wrack, https://player.vimeo.com/external/392634261.sd.mp4?s=09fd89e54d4a41e3bed665767970e83be482e5e0&profile_id=164
wraith, https://media.signbsl.com/videos/asl/aslsignbank/mp4/GHOST-1879.mp4
wrangle, https://media.signbsl.com/videos/asl/aslsearch/mp4/quarrel.mp4
wrangler, https://media.signbsl.com/videos/asl/youtube/mp4/EptWM6YlpuQ.mp4
wrap, https://media.signbsl.com/videos/asl/aslsearch/mp4/wrap.mp4
wrapped, https://media.signbsl.com/videos/asl/aslsignbank/mp4/FASCINATED-1386.mp4
wrapper, https://media.signbsl.com/videos/asl/youtube/mp4/JixNkV_JWvk.mp4
wrap text, https://player.vimeo.com/external/392634173.sd.mp4?s=06ee38971aa17702f4a668778e5bb2654841b246&profile_id=164
wrap up, https://media.signbsl.com/videos/asl/aslsearch/mp4/wrap.mp4
wrath, https://media.signbsl.com/videos/asl/valleybible/mp4/anger.mp4
wrath of god, https://media.signbsl.com/videos/asl/valleybible/mp4/Wrath%20of%20God.mp4
wreak, https://media.signbsl.com/videos/asl/youtube/mp4/k6Q_a4DUUFk.mp4
wreath, https://media.signbsl.com/videos/asl/aslsearch/mp4/wreath.mp4
wreck, https://player.vimeo.com/external/392634261.sd.mp4?s=09fd89e54d4a41e3bed665767970e83be482e5e0&profile_id=164
wrecker, https://player.vimeo.com/external/392756374.sd.mp4?s=42ee1e3f3bd1930b42e56b7eff6313801ab6000f&profile_id=164
wrecking bar, https://media.signbsl.com/videos/asl/youtube/mp4/zXvyoSBL2mo.mp4
wrench, https://media.signbsl.com/videos/asl/aslsearch/mp4/wrench.mp4
wrestle, https://player.vimeo.com/external/392538869.sd.mp4?s=4ee02c80291a549577d04d5854b4653e1ad01e2a&profile_id=164
wrestler, https://media.signbsl.com/videos/asl/aslsearch/mp4/wrestler.mp4
wrestling, https://media.signbsl.com/videos/asl/aslsearch/mp4/wrestle.mp4
wretch, https://media.signbsl.com/videos/asl/youtube/mp4/FjiXVQxdt_k.mp4
wretched, https://media.signbsl.com/videos/asl/startasl/mp4/poor.mp4
wretchedness, https://media.signbsl.com/videos/asl/youtube/mp4/tAJy-Y_zG0s.mp4
wrick, https://media.signbsl.com/videos/asl/youtube/mp4/srcAfs1Z0iY.mp4
wrier, https://media.signbsl.com/videos/asl/youtube/mp4/HXJHPCoYYZk.mp4
wriggle, https://player.vimeo.com/external/392538869.sd.mp4?s=4ee02c80291a549577d04d5854b4653e1ad01e2a&profile_id=164
wring, https://media.signbsl.com/videos/asl/aslsearch/mp4/wring.mp4
wring from, https://media.signbsl.com/videos/asl/youtube/mp4/y8g7NMR3CvU.mp4
wrinkle, https://media.signbsl.com/videos/asl/youtube/mp4/URfnYW6YMaQ.mp4
wrist, https://media.signbsl.com/videos/asl/aslsearch/mp4/wrist.mp4
wristband, https://media.signbsl.com/videos/asl/aslsignbank/mp4/BRACELET-1979.mp4
wring from, https://media.signbsl.com/videos/asl/youtube/mp4/y8g7NMR3CvU.mp4
wrinkle, https://media.signbsl.com/videos/asl/youtube/mp4/URfnYW6YMaQ.mp4
wrist, https://media.signbsl.com/videos/asl/aslsearch/mp4/wrist.mp4
wristband, https://media.signbsl.com/videos/asl/aslsignbank/mp4/BRACELET-1979.mp4
wrist bone, https://media.signbsl.com/videos/asl/youtube/mp4/39hv_B7utQg.mp4
wrist joint, https://media.signbsl.com/videos/asl/aslsearch/mp4/wrist.mp4
wristlet, https://media.signbsl.com/videos/asl/youtube/mp4/8HXROPtBvX8.mp4
wrist watch, https://media.signbsl.com/videos/asl/startasl/mp4/watch.mp4
wristwatch, https://media.signbsl.com/videos/asl/startasl/mp4/watch.mp4
write, https://media.signbsl.com/videos/asl/startasl/mp4/write.mp4
write casually, https://media.signbsl.com/videos/asl/youtube/mp4/ngr8dWdU2yw.mp4
write down, https://media.signbsl.com/videos/asl/aslsearch/mp4/jot-down.mp4
write in code, https://media.signbsl.com/videos/asl/aslsignbank/mp4/ETHICS-3060.mp4
write it please, https://media.signbsl.com/videos/asl/startasl/mp4/write-it-please.mp4
write off, https://player.vimeo.com/external/392876896.sd.mp4?s=327f0df5a7ef62a9614d4185370b2acddfcbc5e0&profile_id=164
writer, https://media.signbsl.com/videos/asl/aslsignbank/mp4/WRITE-1467.mp4
writhe, https://player.vimeo.com/external/392538869.sd.mp4?s=4ee02c80291a549577d04d5854b4653e1ad01e2a&profile_id=164
writing, https://media.signbsl.com/videos/asl/startasl/mp4/writing.mp4
written, https://media.signbsl.com/videos/asl/signlanguagestudent/mp4/written.mp4
written document, https://media.signbsl.com/videos/asl/aslsearch/mp4/document.mp4
written matter, https://media.signbsl.com/videos/asl/youtube/mp4/K-Nlhtkcf9o.mp4
written report, https://media.signbsl.com/videos/asl/signlanguagestudent/mp4/report.mp4
written text, https://media.signbsl.com/videos/asl/youtube/mp4/lPoreMc2rmE.mp4
wroclaw poland, https://player.vimeo.com/external/392636498.sd.mp4?s=bac1dc6a19ac7ab572e04928197c4f94be391f57&profile_id=164
wrong, https://media.signbsl.com/videos/asl/startasl/mp4/wrong.mp4
wrongdoer, https://media.signbsl.com/videos/asl/youtube/mp4/gvpOTojtmRw.mp4
wrongdoing, https://media.signbsl.com/videos/asl/youtube/mp4/qn1m1R1M_TA.mp4
wrong way, https://player.vimeo.com/external/392760483.sd.mp4?s=beb37a6e3b73f5b11ff4031f461027b067ef051f&profile_id=164
wrote, https://media.signbsl.com/videos/asl/signlanguagestudent/mp4/wrote.mp4
wry, https://media.signbsl.com/videos/asl/youtube/mp4/27lPmFJFQOY.mp4
wtf, https://media.signbsl.com/videos/asl/youtube/mp4/ax_yyXzrbvw.mp4
wunderkind, https://media.signbsl.com/videos/asl/youtube/mp4/mr_19UnHltE.mp4
WV, https://media.signbsl.com/videos/asl/mariekatzenbachschool/mp4/West%20Virginia.mp4
ww, https://media.signbsl.com/videos/asl/aslsearch/mp4/ww.mp4
WWW, https://media.signbsl.com/videos/asl/deaftec/mp4/1095.mp4
WY, https://media.signbsl.com/videos/asl/youtube/mp4/YK1QL3wiJAc.mp4
Wyoming, https://media.signbsl.com/videos/asl/youtube/mp4/YK1QL3wiJAc.mp4
