X, https://media.signbsl.com/videos/asl/aslsignbank/mp4/LETTER-X-1654.mp4
x-axis, https://media.signbsl.com/videos/asl/tsdvideo/mp4/527.mp4
x-coordinate, NA
x-ray, https://media.signbsl.com/videos/asl/aslsearch/mp4/x-ray.mp4
xanthous, https://media.signbsl.com/videos/asl/startasl/mp4/yellow.mp4
x axis, https://media.signbsl.com/videos/asl/tsdvideo/mp4/527.mp4
x axis or y axis, https://media.signbsl.com/videos/asl/deaftec-math/mp4/100D-1.mp4
xerographic, https://media.signbsl.com/videos/asl/youtube/mp4/jZja91dmBOk.mp4
xerox, https://media.signbsl.com/videos/asl/aslsearch/mp4/xerox.mp4
Xestobium rufovillosum, https://media.signbsl.com/videos/asl/youtube/mp4/E-fEto31QC8.mp4
Xmas, https://media.signbsl.com/videos/asl/startasl/mp4/christmas.mp4
x ray, https://media.signbsl.com/videos/asl/aslsearch/mp4/x-ray.mp4
xx, NA
xylophage, https://player.vimeo.com/external/392636667.sd.mp4?s=8a562b28d3f20b7e7554c451198b0e138e303183&profile_id=164
xylophone, https://media.signbsl.com/videos/asl/aslsearch/mp4/xylophone.mp4
