Z, https://media.signbsl.com/videos/asl/aslsearch/mp4/z.mp4
zaftig, https://media.signbsl.com/videos/asl/aslsearch/mp4/chubby.mp4
Zaire, https://media.signbsl.com/videos/asl/youtube/mp4/vP9Y03-EHmQ.mp4
Zambia, https://media.signbsl.com/videos/asl/youtube/mp4/EZF7W9GOu84.mp4
zanier, https://media.signbsl.com/videos/asl/youtube/mp4/Old-jypHK1c.mp4
zanies, https://media.signbsl.com/videos/asl/youtube/mp4/0hiZOlDJB4U.mp4
zany, https://media.signbsl.com/videos/asl/youtube/mp4/0hiZOlDJB4U.mp4
zap, https://player.vimeo.com/external/392638101.sd.mp4?s=3f23932d611de7d05509cf071034103b4ff443ef&profile_id=164
zazen, https://player.vimeo.com/external/392638115.sd.mp4?s=b926189ae2a6f65cafbb1346de644eaa56ccdc26&profile_id=164
zeal, https://media.signbsl.com/videos/asl/signlanguagestudent/mp4/zeal.mp4
zealous, https://media.signbsl.com/videos/asl/aslsearch/mp4/zealous.mp4
Zea mays, https://media.signbsl.com/videos/asl/aslsignbank/mp4/CORN_2-2464.mp4
zebra, https://media.signbsl.com/videos/asl/aslsearch/mp4/zebra.mp4
zed, https://media.signbsl.com/videos/asl/aslsignbank/mp4/LETTER-Z-1652.mp4
zee, https://media.signbsl.com/videos/asl/aslsignbank/mp4/LETTER-Z-1652.mp4
Zen, https://player.vimeo.com/external/392638175.sd.mp4?s=4464efee042712c41a96549a256d114b03d2abc1&profile_id=164
Zen Buddhism, https://player.vimeo.com/external/392638175.sd.mp4?s=4464efee042712c41a96549a256d114b03d2abc1&profile_id=164
zendo, https://media.signbsl.com/videos/asl/youtube/mp4/HLCpMhqrSwE.mp4
zephyr, https://media.signbsl.com/videos/asl/aslsignbank/mp4/COOL-WEATHER-1160.mp4
zeppelin, https://player.vimeo.com/external/392760672.sd.mp4?s=3193a1d1ce7ac4ec8d9151cfa2dfb9e7fd06c12c&profile_id=164
zero, https://media.signbsl.com/videos/asl/aslsignbank/mp4/NONE-3092.mp4
zero in, https://media.signbsl.com/videos/asl/youtube/mp4/33g1Ur-ZNNA.mp4
zero phonon line, https://media.signbsl.com/videos/asl/youtube/mp4/tKz9VXFvW8k.mp4
zero product property, https://media.signbsl.com/videos/asl/youtube/mp4/uTUQ6e0hH9U.mp4
zero vector, https://media.signbsl.com/videos/asl/youtube/mp4/2o9y_T-rjxg.mp4
zest, https://player.vimeo.com/external/392638210.sd.mp4?s=f9bd38d9dae5f74851e332c94d965090271348b2&profile_id=164
zestfulness, https://player.vimeo.com/external/392638210.sd.mp4?s=f9bd38d9dae5f74851e332c94d965090271348b2&profile_id=164
zigzag, https://media.signbsl.com/videos/asl/aslsearch/mp4/zigzag.mp4
zigzag rule, https://player.vimeo.com/external/392638230.sd.mp4?s=cce1b06f6c377eee48d114f3d492a47b658ef907&profile_id=164
zigzag stitch, https://player.vimeo.com/external/392877030.sd.mp4?s=da260efb52e6002035683dbce0550c66b3bb1236&profile_id=164
zilch, https://media.signbsl.com/videos/asl/aslsignbank/mp4/NONE-3092.mp4
Zimbabwe, https://media.signbsl.com/videos/asl/youtube/mp4/WbwQBz06_Dk.mp4
zing, https://media.signbsl.com/videos/asl/youtube/mp4/QYFxcXcq0O4.mp4
zinger, https://player.vimeo.com/external/392638274.sd.mp4?s=d74adc5368896e5b8862fc2d3be79306f4f966d1&profile_id=164
Zion, https://media.signbsl.com/videos/asl/ids/mp4/2013-11-5350-zion-1500k-ase.mp4
zip, https://media.signbsl.com/videos/asl/aslsignbank/mp4/NONE-3092.mp4
zip code, https://media.signbsl.com/videos/asl/youtube/mp4/oEs8me3ApMQ.mp4
zip fastener, https://media.signbsl.com/videos/asl/youtube/mp4/RqQIV6r1UU8.mp4
zip it, https://player.vimeo.com/external/392760707.sd.mp4?s=66cea286c2e1e134c1b14791b55e1a7e0fd2fe7f&profile_id=164
zipline, https://media.signbsl.com/videos/asl/youtube/mp4/uenqlOotvHs.mp4
zipper, https://media.signbsl.com/videos/asl/aslsearch/mp4/zipper.mp4
zippy, https://media.signbsl.com/videos/asl/aslsearch/mp4/lively.mp4
zip up, https://media.signbsl.com/videos/asl/aslsearch/mp4/zipper.mp4
zit, https://player.vimeo.com/external/392638334.sd.mp4?s=4545fff68e897e600043d3c3823352a572f1988c&profile_id=164
zoftig, https://media.signbsl.com/videos/asl/aslsearch/mp4/chubby.mp4
zombi, https://media.signbsl.com/videos/asl/deaftec/mp4/1097.mp4
zombie, https://media.signbsl.com/videos/asl/deaftec/mp4/1097.mp4
zonal, https://media.signbsl.com/videos/asl/youtube/mp4/SihJd2hEmss.mp4
zone, https://media.signbsl.com/videos/asl/ids/mp4/2013-11-5360-zone-1500k-ase.mp4
zone in, https://media.signbsl.com/videos/asl/youtube/mp4/uCnMzQgEJVk.mp4
zone out, https://media.signbsl.com/videos/asl/youtube/mp4/lHf9S1-k4nA.mp4
zonk out, https://media.signbsl.com/videos/asl/aslsearch/mp4/black-out.mp4
zoo, https://media.signbsl.com/videos/asl/aslsearch/mp4/zoo.mp4
zookeeper, NA
zoological garden, https://media.signbsl.com/videos/asl/aslsearch/mp4/zoo.mp4
zoological science, https://player.vimeo.com/external/392638396.sd.mp4?s=9d6fd8bb5381b239b1a32f66dabc845b6fc40fe6&profile_id=164
zoologist, https://media.signbsl.com/videos/asl/youtube/mp4/cUaa_LwwP8I.mp4
zoology, https://player.vimeo.com/external/392638396.sd.mp4?s=9d6fd8bb5381b239b1a32f66dabc845b6fc40fe6&profile_id=164
zoom, https://media.signbsl.com/videos/asl/aslsearch/mp4/zoom.mp4
zoom in, https://player.vimeo.com/external/392638419.sd.mp4?s=30a9d9980212e9033d20a0d2fefe24b2477032d3&profile_id=164
zoom lens, https://player.vimeo.com/external/392638435.sd.mp4?s=1506f5ecc6978ccdbaa2781d8a4bac2897016164&profile_id=164
zoom off, https://media.signbsl.com/videos/asl/aslsignbank/mp4/ZOOM-OFF-329.mp4
zoom out, https://player.vimeo.com/external/392638451.sd.mp4?s=e88f3ec84840a1f9bba88e58289dcd794f1d6cdb&profile_id=164
zoom shot, https://player.vimeo.com/external/392638472.sd.mp4?s=8432a94889d10a9363d30f6f8b1d7033ac39141d&profile_id=164
zoster, https://media.signbsl.com/videos/asl/youtube/mp4/9HZPfb7UoTM.mp4
zucchini, https://media.signbsl.com/videos/asl/mariekatzenbachschool/mp4/zucchini.mp4
zz, https://media.signbsl.com/videos/asl/aslsearch/mp4/zz.mp4
