word, videoURL
Y, https://media.signbsl.com/videos/asl/aslsignbank/mp4/LETTER-Y-1653.mp4
y-axis, https://media.signbsl.com/videos/asl/tsdvideo/mp4/529.mp4
y-coordinate, NA
y-intercept, https://media.signbsl.com/videos/asl/deaftec-math/mp4/96D-1.mp4
yacht, https://player.vimeo.com/external/392636876.sd.mp4?s=dca99756b1c24847f3fc250bfc32feaddf02a597&profile_id=164
yachtsman, https://media.signbsl.com/videos/asl/youtube/mp4/YgYrWIJz2Ks.mp4
yachtswoman, https://media.signbsl.com/videos/asl/youtube/mp4/YgYrWIJz2Ks.mp4
yack, https://media.signbsl.com/videos/asl/youtube/mp4/eRGJjM29R0A.mp4
yahoo, https://player.vimeo.com/external/392636895.sd.mp4?s=1df6b8795bf5148b0f1a7c787e8049673809e621&profile_id=164
Yahve, https://media.signbsl.com/videos/asl/ids/mp4/2013-11-2520-jehovah-1500k-ase.mp4
Yahveh, https://media.signbsl.com/videos/asl/ids/mp4/2013-11-2520-jehovah-1500k-ase.mp4
Yahwe, https://media.signbsl.com/videos/asl/ids/mp4/2013-11-2520-jehovah-1500k-ase.mp4
Yahweh, https://media.signbsl.com/videos/asl/ids/mp4/2013-11-2520-jehovah-1500k-ase.mp4
yak, https://media.signbsl.com/videos/asl/youtube/mp4/eRGJjM29R0A.mp4
yakety yak, https://media.signbsl.com/videos/asl/youtube/mp4/eRGJjM29R0A.mp4
Yaltopya, https://media.signbsl.com/videos/asl/aslsignbank/mp4/ETHIOPIA-3212.mp4
yam, https://media.signbsl.com/videos/asl/youtube/mp4/fcI_Nbwkh0M.mp4
yammer, https://media.signbsl.com/videos/asl/youtube/mp4/HqaECXHcCCw.mp4
yam plant, https://media.signbsl.com/videos/asl/youtube/mp4/fcI_Nbwkh0M.mp4
Yank, https://media.signbsl.com/videos/asl/aslsearch/mp4/yank.mp4
Yankee, https://media.signbsl.com/videos/asl/aslsearch/mp4/yank.mp4
yap, https://media.signbsl.com/videos/asl/youtube/mp4/1gUifcUd5Co.mp4
yard, https://media.signbsl.com/videos/asl/startasl/mp4/yard.mp4
yardman, https://media.signbsl.com/videos/asl/youtube/mp4/WaQXIIB34xw.mp4
yardmaster, https://media.signbsl.com/videos/asl/youtube/mp4/1mNDx9fzAOI.mp4
yarmelke, https://media.signbsl.com/videos/asl/youtube/mp4/ggkLRmcCFSM.mp4
yarmulka, https://media.signbsl.com/videos/asl/youtube/mp4/ggkLRmcCFSM.mp4
yarmulke, https://media.signbsl.com/videos/asl/youtube/mp4/ggkLRmcCFSM.mp4
yarn, https://media.signbsl.com/videos/asl/aslsearch/mp4/yarn.mp4
yawl, https://media.signbsl.com/videos/asl/youtube/mp4/-9NnOAR2kqw.mp4
yawn, https://media.signbsl.com/videos/asl/aslsearch/mp4/yawn.mp4
yawning, https://media.signbsl.com/videos/asl/aslsearch/mp4/drowsy.mp4
yawp, https://media.signbsl.com/videos/asl/aslsignbank/mp4/BAWL-597.mp4
y axis, https://media.signbsl.com/videos/asl/tsdvideo/mp4/529.mp4
Yay, https://media.signbsl.com/videos/asl/aslsearch/mp4/yay.mp4
yea, https://media.signbsl.com/videos/asl/aslsearch/mp4/yeah.mp4
yeah, https://media.signbsl.com/videos/asl/aslsearch/mp4/yeah.mp4
year, https://media.signbsl.com/videos/asl/startasl/mp4/year.mp4
year around, https://media.signbsl.com/videos/asl/youtube/mp4/QwyMgNYS0EI.mp4
yearbook, https://player.vimeo.com/external/392637054.sd.mp4?s=f8438a7b0bb95c7ff6777979fe02e1ac2ad08a41&profile_id=164
yearling, https://player.vimeo.com/external/392522744.sd.mp4?s=b9bfea4984323904a8fbcafb9dba4aee8d0bc004&profile_id=164
yearlong, https://media.signbsl.com/videos/asl/aslsearch/mp4/yearlong.mp4
yearly, https://media.signbsl.com/videos/asl/aslsignbank/mp4/YEAR-1333.mp4
yearn, https://media.signbsl.com/videos/asl/youtube/mp4/zI5HjCCtuZs.mp4
yearning, https://media.signbsl.com/videos/asl/aslsearch/mp4/longing.mp4
year over year, https://player.vimeo.com/external/392637013.sd.mp4?s=4531a43018e721983960ec513ff18ac03fd460e9&profile_id=164
year round, https://media.signbsl.com/videos/asl/youtube/mp4/QwyMgNYS0EI.mp4
years, https://media.signbsl.com/videos/asl/signlanguagestudent/mp4/years.mp4
yeast, https://media.signbsl.com/videos/asl/deaftec/mp4/1437.mp4
Yeddo, https://media.signbsl.com/videos/asl/youtube/mp4/V9_lAs-SpRc.mp4
Yedo, https://media.signbsl.com/videos/asl/youtube/mp4/V9_lAs-SpRc.mp4
yell, https://media.signbsl.com/videos/asl/aslsearch/mp4/call3.mp4
yell at, https://media.signbsl.com/videos/asl/startasl/mp4/yell.mp4
yelling, https://media.signbsl.com/videos/asl/youtube/mp4/3Whh7nNz1MY.mp4
yellow, https://media.signbsl.com/videos/asl/startasl/mp4/yellow.mp4
yellow cattley guava, https://player.vimeo.com/external/392680042.sd.mp4?s=ecbc2766d2db3257d0c2798c9f9d9cdcaf11f89f&profile_id=164
yellower, https://media.signbsl.com/videos/asl/youtube/mp4/tJbXHiaDg5g.mp4
yellowish, https://media.signbsl.com/videos/asl/startasl/mp4/yellow.mp4
yellowish brown, https://media.signbsl.com/videos/asl/youtube/mp4/65XRY2V5NAA.mp4
yellowish pink, https://media.signbsl.com/videos/asl/startasl/mp4/peach.mp4
yellow squash, https://player.vimeo.com/external/392760524.sd.mp4?s=3eba9bf6134c0cbdb6092c3b7d6f62ae799f790d&profile_id=164
yelp, https://media.signbsl.com/videos/asl/youtube/mp4/P8MBJrUJEYk.mp4
Yemen, https://media.signbsl.com/videos/asl/youtube/mp4/bE9QBPaUqJo.mp4
yen, https://media.signbsl.com/videos/asl/youtube/mp4/zI5HjCCtuZs.mp4
yeoman, https://media.signbsl.com/videos/asl/youtube/mp4/nS6NpAQOebU.mp4
yer, https://media.signbsl.com/videos/asl/youtube/mp4/Om1Kld9lQFI.mp4
yes, https://media.signbsl.com/videos/asl/startasl/mp4/yes.mp4
yeshiva, https://media.signbsl.com/videos/asl/youtube/mp4/9qS0EInaubU.mp4
yeshivah, https://media.signbsl.com/videos/asl/youtube/mp4/9qS0EInaubU.mp4
yes man, https://media.signbsl.com/videos/asl/youtube/mp4/GLJd8R6sPio.mp4
yes please, https://media.signbsl.com/videos/asl/startasl/mp4/yesplease.mp4
yesterday, https://media.signbsl.com/videos/asl/startasl/mp4/yesterday.mp4
yes thank you, https://media.signbsl.com/videos/asl/startasl/mp4/yesthankyou.mp4
yet, https://media.signbsl.com/videos/asl/aslsearch/mp4/however.mp4
YHVH, https://media.signbsl.com/videos/asl/ids/mp4/2013-11-2520-jehovah-1500k-ase.mp4
YHWH, https://media.signbsl.com/videos/asl/ids/mp4/2013-11-2520-jehovah-1500k-ase.mp4
yield, https://player.vimeo.com/external/392436450.sd.mp4?s=6e8f649ff0b7e2d19e7238d978c7050d8cdfa869&profile_id=164
yikes, https://media.signbsl.com/videos/asl/youtube/mp4/OsMOhzrr7jo.mp4
y intercept, https://media.signbsl.com/videos/asl/deaftec-math/mp4/96D-1.mp4
yin yang, https://player.vimeo.com/external/392637159.sd.mp4?s=179cc3a392858b3fe489fac0875cdc7ffbfdb5dc&profile_id=164
yip, https://media.signbsl.com/videos/asl/youtube/mp4/P8MBJrUJEYk.mp4
yob, https://media.signbsl.com/videos/asl/youtube/mp4/Oj875rFQ7vs.mp4
yobbo, https://media.signbsl.com/videos/asl/youtube/mp4/Oj875rFQ7vs.mp4
yobo, https://media.signbsl.com/videos/asl/youtube/mp4/Oj875rFQ7vs.mp4
yodel, https://player.vimeo.com/external/392637175.sd.mp4?s=433252950a1feaa3aa11604790f477b4be972cd5&profile_id=164
yodeler, https://media.signbsl.com/videos/asl/youtube/mp4/p-vEDa4oliw.mp4
yoga, https://media.signbsl.com/videos/asl/startasl/mp4/yoga.mp4
yoghourt, https://media.signbsl.com/videos/asl/aslsearch/mp4/yogurt.mp4
yoghurt, https://media.signbsl.com/videos/asl/aslsearch/mp4/yogurt.mp4
yogurt, https://media.signbsl.com/videos/asl/aslsearch/mp4/yogurt.mp4
yoke, https://media.signbsl.com/videos/asl/youtube/mp4/cN94zer8G6s.mp4
yokel, https://player.vimeo.com/external/392636895.sd.mp4?s=1df6b8795bf5148b0f1a7c787e8049673809e621&profile_id=164
yoke obligation, https://media.signbsl.com/videos/asl/signlanguagestudent/mp4/yoke%20(obligation).mp4
Yom Kippur, https://player.vimeo.com/external/392760559.sd.mp4?s=d58d1ce5c8326260d7c90da2ec74b1bf433ce23e&profile_id=164
yon, https://player.vimeo.com/external/392637227.sd.mp4?s=e960b281800c5527a3a174704334916eda2c73bf&profile_id=164
yonder, https://player.vimeo.com/external/392637227.sd.mp4?s=e960b281800c5527a3a174704334916eda2c73bf&profile_id=164
you, https://media.signbsl.com/videos/asl/startasl/mp4/you.mp4
you're, https://media.signbsl.com/videos/asl/signlanguagestudent/mp4/you're.mp4
you're welcome, https://media.signbsl.com/videos/asl/startasl/mp4/youre-welcome.mp4
you all, https://player.vimeo.com/external/392637241.sd.mp4?s=e8dc2038b12ceae3aa20464a35245c7c359e8249&profile_id=164
you are, https://media.signbsl.com/videos/asl/signlanguagestudent/mp4/you%20are.mp4
you are kidding me, https://media.signbsl.com/videos/asl/aslsearch/mp4/you-are-kidding-me.mp4
you are right, https://media.signbsl.com/videos/asl/aslsearch/mp4/you-are-right.mp4
you are welcome, https://media.signbsl.com/videos/asl/startasl/mp4/youre-welcome.mp4
you ask me, https://media.signbsl.com/videos/asl/youtube/mp4/nzOS3rr971s.mp4
you bet, https://player.vimeo.com/external/392637256.sd.mp4?s=2e4d94c8121a08d03929d8753723344c29da40e6&profile_id=164
you blame me, https://media.signbsl.com/videos/asl/aslsearch/mp4/you-blame-me.mp4
you call me, https://media.signbsl.com/videos/asl/youtube/mp4/iadlKBcV67A.mp4
you give me, https://media.signbsl.com/videos/asl/aslsearch/mp4/you-give-me.mp4
you help me, https://media.signbsl.com/videos/asl/aslsearch/mp4/you-help-me.mp4
you join me, https://media.signbsl.com/videos/asl/aslsearch/mp4/you-join-me.mp4
you learn sign, https://media.signbsl.com/videos/asl/startasl/mp4/youlearnsign.mp4
youll, https://media.signbsl.com/videos/asl/youtube/mp4/7xId7PGoINg.mp4
you look at me, https://media.signbsl.com/videos/asl/aslsearch/mp4/you-look-at-me.mp4
you meet me, https://media.signbsl.com/videos/asl/aslsearch/mp4/you-meet-me.mp4
young, https://media.signbsl.com/videos/asl/startasl/mp4/young.mp4
Young Adults, https://media.signbsl.com/videos/asl/ids/mp4/2013-11-5320-young-adults-1500k-ase.mp4
younger, https://media.signbsl.com/videos/asl/youtube/mp4/5tCN6IVgbmk.mp4
young lady, https://media.signbsl.com/videos/asl/startasl/mp4/girl.mp4
young man, https://media.signbsl.com/videos/asl/startasl/mp4/boyfriend.mp4
young person, https://media.signbsl.com/videos/asl/ids/mp4/2013-11-5310-youth-1500k-ase.mp4
youngster, https://media.signbsl.com/videos/asl/startasl/mp4/children.mp4
young woman, https://media.signbsl.com/videos/asl/startasl/mp4/girl.mp4
younker, https://media.signbsl.com/videos/asl/ids/mp4/2013-11-5310-youth-1500k-ase.mp4
your, https://media.signbsl.com/videos/asl/startasl/mp4/your.mp4
youre, https://media.signbsl.com/videos/asl/signlanguagestudent/mp4/you're.mp4
youre in hot water, https://player.vimeo.com/external/392760628.sd.mp4?s=d36f5a259a326057c705d001bc4b6189b8c51644&profile_id=164
youre out, https://media.signbsl.com/videos/asl/aslsignbank/mp4/E(out)-2250.mp4
youre such a baby, https://media.signbsl.com/videos/asl/youtube/mp4/4GcELWd8V8Y.mp4
youre up, https://media.signbsl.com/videos/asl/youtube/mp4/lNMzbF4xNoU.mp4
youre welcome, https://media.signbsl.com/videos/asl/startasl/mp4/youre-welcome.mp4
your fault, https://media.signbsl.com/videos/asl/aslsearch/mp4/your-fault.mp4
your name, https://media.signbsl.com/videos/asl/youtube/mp4/yGCbzDNaNW4.mp4
yours, https://media.signbsl.com/videos/asl/elementalaslconcepts/mp4/yours.mp4
yourself, https://media.signbsl.com/videos/asl/aslsearch/mp4/yourself.mp4
yourselves, https://media.signbsl.com/videos/asl/youtube/mp4/Wb2XXv3SbRc.mp4
your turn, https://media.signbsl.com/videos/asl/aslsearch/mp4/your-turn.mp4
your turn his turn, https://media.signbsl.com/videos/asl/startasl/mp4/your-turn-his-turn.mp4
you said it, https://player.vimeo.com/external/392637256.sd.mp4?s=2e4d94c8121a08d03929d8753723344c29da40e6&profile_id=164
youse, https://player.vimeo.com/external/392637561.sd.mp4?s=dca70408e97e82dc0ce779d40c0760308104d58e&profile_id=164
you sign very fluent, https://media.signbsl.com/videos/asl/startasl/mp4/yousignveryfluent.mp4
you sign very fluently, https://media.signbsl.com/videos/asl/startasl/mp4/you-sign-very-fluently.mp4
youth, https://media.signbsl.com/videos/asl/ids/mp4/2013-11-5310-youth-1500k-ase.mp4
you think hearing, https://media.signbsl.com/videos/asl/youtube/mp4/-0yLQy0bGQ4.mp4
you think im nothing, https://player.vimeo.com/external/392760595.sd.mp4?s=659fa98a631144c96aaa049efc6c8a13ce8c6115&profile_id=164
you throw to me, https://media.signbsl.com/videos/asl/youtube/mp4/p_PTlL-Jb8A.mp4
you too, https://media.signbsl.com/videos/asl/youtube/mp4/IO1jgDAyE94.mp4
youtube, https://media.signbsl.com/videos/asl/youtube/mp4/mJV2jB8NRwc.mp4
youve, https://media.signbsl.com/videos/asl/youtube/mp4/iLrr3-RaAv4.mp4
yowl, https://media.signbsl.com/videos/asl/youtube/mp4/fC0lsZgS-jA.mp4
yo yo, https://media.signbsl.com/videos/asl/aslsignbank/mp4/YO-YO-339.mp4
yoyo, https://media.signbsl.com/videos/asl/aslsignbank/mp4/YO-YO-339.mp4
yoyo diet, https://player.vimeo.com/external/392637606.sd.mp4?s=b73cc236cbd8840e2d38b0a196b085bcde3a127b&profile_id=164
yr, https://media.signbsl.com/videos/asl/startasl/mp4/year.mp4
yuck, https://media.signbsl.com/videos/asl/elementalaslconcepts/mp4/yuck.mp4
yucky, https://player.vimeo.com/external/392438285.sd.mp4?s=7788e41045bbb664e3772d01efbb2665c9ac374c&profile_id=164
Yugoslavia, https://player.vimeo.com/external/392877004.sd.mp4?s=27ab3a612b9678b564ed8289216e72f62f401837&profile_id=164
yukon canada, https://player.vimeo.com/external/392637671.sd.mp4?s=7c94afd1b9cc0447f22ff2726b85151944a5cb05&profile_id=164
yum, https://media.signbsl.com/videos/asl/youtube/mp4/NqGAAoxU5f4.mp4
yummy, https://media.signbsl.com/videos/asl/youtube/mp4/wWE0Z7MX-Xk.mp4
yum yum, https://player.vimeo.com/external/392637699.sd.mp4?s=2575dcc6f1f15de2ab97a57f1ac2a91a171f9ba9&profile_id=164
yuppie, https://media.signbsl.com/videos/asl/youtube/mp4/gVyJmQra3mw.mp4
y x and z axes, https://media.signbsl.com/videos/asl/youtube/mp4/QX6rY2GAxY4.mp4
yy, https://media.signbsl.com/videos/asl/aslsearch/mp4/yy.mp4
